order_id,customer_id,order_date
1,168,2014-09-04 17:49:21
2,339,2011-07-19 03:46:15
3,193,2012-09-27 01:24:10
4,453,2020-03-23 10:56:21
5,283,2011-08-04 02:28:23
6,336,2023-11-17 16:37:04
7,390,2011-12-17 09:02:08
8,488,2019-01-27 06:59:07
9,13,2020-04-17 01:45:58
10,240,2012-07-04 01:37:27
11,320,2011-01-06 19:27:40
12,446,2013-06-05 03:47:30
13,483,2011-08-31 13:18:56
14,147,2019-04-17 20:57:58
15,204,2017-07-08 09:18:28
16,80,2016-07-05 16:23:35
17,379,2015-09-03 13:42:36
18,43,2015-03-06 01:49:59
19,458,2021-07-17 00:48:56
20,89,2022-06-06 17:02:34
21,148,2014-08-19 21:58:24
22,95,2019-10-24 07:57:32
23,452,2017-02-04 10:10:58
24,428,2019-09-13 04:35:35
25,151,2011-08-25 21:58:47
26,2,2014-11-04 05:41:36
27,376,2021-02-03 10:57:08
28,22,2011-03-03 11:29:23
29,371,2011-09-19 02:41:43
30,313,2024-01-20 15:43:53
31,485,2021-11-01 03:44:30
32,328,2016-05-02 07:06:21
33,7,2023-07-28 06:34:50
34,206,2023-01-12 18:08:51
35,440,2013-05-10 12:48:14
36,375,2019-03-01 06:23:14
37,451,2014-12-13 23:49:26
38,114,2014-08-10 07:53:22
39,272,2018-03-12 08:06:51
40,83,2016-09-07 05:43:06
41,179,2015-01-20 18:55:53
42,210,2023-05-24 06:34:44
43,500,2016-10-02 10:14:28
44,464,2014-10-21 21:47:09
45,328,2020-12-17 09:20:53
46,124,2011-12-16 11:15:43
47,481,2019-05-09 17:36:07
48,113,2012-01-18 23:05:35
49,12,2016-09-16 13:28:41
50,126,2012-11-07 04:18:45
51,53,2021-03-30 22:42:54
52,331,2021-03-08 18:37:19
53,389,2011-12-30 15:10:39
54,283,2022-08-22 02:20:11
55,140,2013-04-03 02:47:44
56,401,2016-03-09 01:43:58
57,390,2014-06-03 20:01:11
58,97,2012-08-13 14:06:55
59,5,2023-12-31 07:46:47
60,57,2023-09-30 06:46:32
61,412,2010-12-11 23:18:25
62,334,2015-10-07 05:59:42
63,69,2020-12-24 23:39:29
64,118,2011-06-03 08:43:46
65,376,2010-09-27 02:32:03
66,59,2011-06-17 13:27:31
67,33,2013-05-09 13:14:53
68,318,2019-06-05 15:36:08
69,50,2012-07-28 17:38:48
70,368,2021-07-18 17:58:48
71,489,2014-02-15 07:51:21
72,19,2024-01-20 20:22:14
73,214,2015-09-17 09:45:33
74,197,2012-10-31 16:46:54
75,379,2022-09-22 08:27:29
76,450,2019-10-30 20:26:49
77,478,2016-08-18 14:17:56
78,47,2010-01-12 14:39:31
79,167,2015-10-30 16:40:43
80,452,2023-07-10 00:35:38
81,289,2023-11-13 13:28:21
82,141,2021-03-21 06:03:32
83,84,2016-03-01 17:38:39
84,182,2012-10-29 09:21:19
85,391,2018-05-29 14:13:51
86,79,2014-04-14 19:26:51
87,215,2014-04-22 18:07:29
88,14,2010-06-03 21:22:18
89,215,2015-12-15 02:38:01
90,403,2022-01-05 19:14:22
91,128,2017-03-23 19:14:47
92,310,2023-05-31 00:45:05
93,477,2023-07-23 22:03:34
94,248,2022-12-07 01:22:16
95,404,2010-02-19 08:33:43
96,29,2017-10-08 07:22:34
97,280,2016-10-26 02:00:45
98,338,2018-10-07 14:08:59
99,319,2011-11-10 16:25:29
100,202,2015-04-07 23:34:09
101,361,2019-04-08 01:38:29
102,57,2013-03-28 16:08:19
103,392,2017-04-04 10:17:55
104,218,2016-12-09 08:13:31
105,62,2019-11-12 12:39:59
106,157,2011-08-16 18:57:49
107,202,2011-09-25 01:27:12
108,17,2012-10-31 12:15:51
109,322,2014-11-20 22:27:46
110,6,2016-04-28 06:53:45
111,58,2018-12-23 05:46:07
112,325,2019-02-09 17:37:33
113,412,2010-08-01 04:42:14
114,318,2023-02-19 18:05:36
115,169,2011-02-24 03:18:35
116,453,2015-12-24 14:23:36
117,82,2015-12-29 01:49:34
118,474,2010-04-22 09:38:25
119,468,2011-07-05 07:56:04
120,425,2010-09-08 15:15:24
121,433,2023-01-28 08:04:13
122,219,2021-08-23 04:35:32
123,177,2024-01-27 21:45:33
124,204,2022-07-10 06:32:39
125,71,2017-11-13 21:51:41
126,387,2013-08-07 17:01:58
127,266,2017-07-26 14:56:22
128,98,2014-03-30 01:31:23
129,345,2017-05-01 07:21:03
130,291,2017-02-19 05:57:30
131,208,2019-07-15 16:38:23
132,2,2016-02-17 07:12:21
133,124,2010-06-08 10:38:13
134,280,2012-08-18 23:08:08
135,74,2018-06-29 07:51:49
136,166,2015-05-21 08:24:59
137,22,2015-11-17 04:16:28
138,154,2024-01-05 12:46:04
139,427,2015-06-03 04:55:45
140,439,2010-12-01 11:44:28
141,295,2018-03-17 10:20:04
142,219,2023-09-29 17:43:42
143,157,2022-07-03 22:14:11
144,495,2019-03-24 15:02:50
145,230,2022-04-08 08:58:25
146,20,2022-01-17 22:10:38
147,475,2010-10-18 22:32:18
148,41,2013-06-30 08:47:18
149,438,2022-05-06 20:55:51
150,148,2022-07-29 09:58:03
151,108,2015-03-25 16:36:37
152,403,2015-10-01 14:56:42
153,84,2011-02-11 21:05:40
154,483,2022-04-19 04:59:40
155,367,2011-02-20 14:31:19
156,322,2016-06-21 15:31:10
157,414,2018-11-07 06:15:46
158,309,2013-08-13 18:29:42
159,290,2018-09-11 18:08:28
160,406,2022-10-05 16:21:49
161,323,2020-07-03 06:42:51
162,134,2011-07-16 07:06:22
163,207,2010-04-17 07:15:36
164,283,2011-07-07 20:30:55
165,266,2018-01-01 23:44:36
166,73,2014-10-10 10:05:34
167,481,2014-11-18 00:32:07
168,352,2021-10-12 19:05:13
169,48,2017-11-25 07:11:53
170,326,2011-04-09 21:03:11
171,233,2018-05-28 17:15:51
172,443,2023-10-23 16:32:04
173,100,2010-11-17 16:04:18
174,59,2013-10-19 00:29:55
175,258,2023-07-02 04:04:55
176,413,2019-05-21 17:09:54
177,452,2013-08-10 00:57:03
178,65,2010-08-28 10:17:35
179,83,2016-10-25 00:59:21
180,154,2014-06-07 13:57:53
181,473,2020-10-03 21:11:06
182,266,2018-04-17 19:02:48
183,309,2017-07-01 06:54:01
184,79,2018-11-12 01:15:25
185,315,2018-07-30 23:26:18
186,150,2018-07-23 23:39:45
187,435,2010-01-13 22:04:31
188,48,2014-08-07 19:10:04
189,405,2015-04-08 13:43:36
190,379,2017-05-19 14:45:07
191,248,2013-04-15 23:00:51
192,278,2010-09-17 23:10:13
193,356,2023-05-06 23:34:01
194,98,2011-07-01 08:29:13
195,414,2022-03-31 03:12:57
196,25,2014-10-22 08:05:09
197,493,2021-04-03 01:38:19
198,284,2011-07-03 09:13:49
199,449,2020-07-18 13:54:21
200,369,2021-04-22 14:30:57
201,301,2011-03-08 07:20:20
202,68,2017-04-07 11:25:07
203,7,2020-06-21 06:59:22
204,305,2010-11-08 10:01:51
205,137,2013-04-02 11:33:06
206,164,2022-07-08 20:55:58
207,83,2017-07-27 02:24:54
208,385,2022-12-22 08:03:17
209,138,2010-03-24 01:26:15
210,420,2010-04-12 21:59:46
211,73,2011-05-31 18:54:38
212,237,2020-01-08 04:54:20
213,46,2012-07-01 22:30:27
214,106,2023-03-19 10:08:19
215,416,2014-02-20 04:20:25
216,288,2011-07-11 13:05:27
217,262,2022-07-20 17:44:21
218,176,2022-08-31 06:12:50
219,166,2011-09-30 10:19:05
220,145,2012-04-01 11:55:16
221,330,2015-03-07 01:52:37
222,370,2015-02-14 04:36:36
223,283,2010-04-04 10:47:17
224,54,2019-08-12 10:43:51
225,178,2017-04-07 03:58:30
226,419,2010-06-09 23:32:36
227,244,2013-12-16 03:30:17
228,341,2015-09-14 02:53:33
229,127,2017-08-31 15:31:07
230,409,2016-01-07 01:28:24
231,412,2011-09-23 00:11:24
232,367,2022-08-28 14:09:23
233,271,2013-09-20 10:31:44
234,132,2022-01-02 13:24:06
235,93,2011-05-18 13:21:32
236,379,2012-05-11 06:09:17
237,73,2023-05-24 17:27:30
238,411,2018-10-29 21:21:27
239,410,2020-11-20 00:22:39
240,403,2023-09-02 20:06:17
241,248,2018-05-15 09:58:14
242,348,2020-08-10 14:08:51
243,273,2018-04-04 10:18:43
244,43,2017-03-09 21:34:47
245,377,2017-01-02 11:38:09
246,41,2023-07-11 15:47:41
247,170,2017-06-26 12:25:53
248,434,2023-11-26 16:30:10
249,212,2012-09-12 07:02:54
250,493,2013-02-13 23:54:35
251,168,2020-03-19 17:26:19
252,39,2019-10-25 12:12:02
253,369,2011-07-26 04:53:18
254,245,2020-06-27 14:06:37
255,151,2013-04-08 00:48:18
256,111,2017-12-20 13:58:45
257,480,2019-08-02 09:08:39
258,436,2021-06-19 12:13:32
259,47,2014-10-01 17:42:53
260,63,2021-04-03 02:11:49
261,225,2021-07-19 12:26:28
262,366,2015-04-04 13:26:54
263,69,2020-03-23 18:22:27
264,299,2012-05-08 10:47:27
265,432,2012-10-05 22:45:38
266,290,2018-11-16 01:26:07
267,296,2013-01-21 02:54:27
268,203,2020-08-22 23:35:18
269,61,2018-01-12 20:51:02
270,434,2022-01-22 08:25:53
271,451,2023-01-05 21:30:27
272,318,2018-07-06 23:46:56
273,314,2023-05-15 19:20:26
274,161,2016-12-28 11:07:07
275,331,2012-04-04 14:52:30
276,16,2017-11-28 19:54:35
277,338,2016-09-23 20:24:21
278,94,2012-05-23 04:06:04
279,304,2016-08-06 22:58:40
280,138,2016-04-18 00:04:32
281,338,2011-09-17 00:37:25
282,38,2011-07-10 15:06:43
283,127,2014-11-08 06:02:23
284,275,2017-04-01 04:40:14
285,164,2018-04-16 21:58:38
286,443,2014-10-02 03:08:53
287,319,2022-03-23 02:17:49
288,77,2011-03-16 02:07:06
289,174,2019-10-13 18:57:12
290,387,2020-04-01 19:36:57
291,458,2021-12-12 00:55:43
292,358,2020-08-10 05:42:28
293,321,2018-02-04 13:56:08
294,376,2018-12-03 12:09:23
295,91,2021-07-03 01:53:53
296,238,2015-06-27 00:44:50
297,264,2013-07-26 05:53:16
298,179,2020-03-29 19:05:14
299,494,2013-04-17 13:53:52
300,490,2021-09-05 15:29:33
301,209,2021-02-13 04:22:21
302,73,2021-10-08 21:34:45
303,390,2013-02-20 20:32:44
304,107,2019-11-22 11:25:57
305,345,2012-06-17 16:48:16
306,295,2017-06-08 00:31:54
307,369,2016-08-19 03:52:12
308,444,2014-06-08 15:45:54
309,284,2018-12-09 22:23:48
310,353,2017-08-22 12:58:58
311,182,2011-04-08 03:27:37
312,37,2023-12-25 15:17:54
313,137,2017-06-10 00:07:09
314,338,2023-09-07 22:28:41
315,56,2010-04-06 03:40:52
316,187,2022-07-07 01:01:16
317,341,2021-10-21 12:17:03
318,258,2018-04-26 08:49:40
319,445,2017-03-01 21:54:56
320,58,2018-03-11 14:00:52
321,363,2021-04-28 05:48:57
322,123,2018-06-27 14:22:55
323,188,2021-01-10 11:26:27
324,230,2011-02-26 12:59:49
325,168,2010-11-03 17:52:25
326,420,2020-12-20 17:21:07
327,114,2016-10-13 15:51:25
328,252,2024-01-05 03:22:14
329,107,2013-12-08 06:56:38
330,37,2014-09-06 13:05:38
331,335,2018-06-02 14:45:20
332,92,2014-02-10 21:35:19
333,18,2010-12-16 10:09:39
334,354,2012-02-11 03:36:37
335,63,2017-10-18 10:00:08
336,150,2014-08-13 14:01:25
337,139,2023-08-23 03:31:57
338,186,2010-11-12 15:08:27
339,185,2011-05-30 16:54:19
340,205,2013-03-30 21:29:28
341,260,2010-03-10 08:32:30
342,214,2016-06-25 08:31:15
343,256,2014-05-08 11:59:19
344,135,2023-03-18 21:36:24
345,61,2021-02-09 02:02:11
346,363,2011-10-29 05:57:40
347,310,2019-05-21 22:07:25
348,88,2014-06-16 19:08:07
349,324,2017-10-07 04:56:11
350,476,2016-01-26 19:47:53
351,207,2014-05-20 00:41:01
352,129,2014-12-09 20:49:25
353,311,2011-08-05 21:25:47
354,3,2013-07-02 12:58:46
355,462,2013-06-27 04:42:30
356,422,2014-04-03 16:10:03
357,242,2015-01-20 13:45:49
358,121,2023-08-03 19:22:49
359,385,2012-12-27 03:02:39
360,102,2011-04-13 04:33:57
361,38,2017-05-02 17:33:18
362,341,2020-03-04 08:06:01
363,496,2022-11-26 00:12:08
364,413,2013-08-20 18:56:12
365,133,2012-06-20 16:41:41
366,497,2018-11-24 08:51:55
367,202,2014-04-09 23:56:56
368,348,2024-01-12 14:42:43
369,21,2014-07-29 22:35:35
370,242,2016-04-30 13:21:46
371,455,2018-07-12 12:10:59
372,451,2014-04-12 18:20:41
373,109,2018-06-09 16:20:58
374,303,2011-12-10 03:23:36
375,84,2023-01-21 05:33:08
376,83,2014-05-31 15:22:43
377,291,2018-11-15 14:07:45
378,452,2014-11-30 07:43:28
379,69,2012-12-22 13:17:14
380,129,2023-04-01 23:06:46
381,196,2021-10-06 04:34:13
382,140,2013-05-19 11:20:30
383,444,2012-12-20 20:19:29
384,283,2015-04-13 05:53:59
385,312,2016-07-30 00:41:46
386,234,2022-01-12 02:40:19
387,23,2010-05-29 13:04:23
388,153,2018-03-10 23:26:06
389,277,2010-12-21 17:06:55
390,61,2018-06-01 05:04:06
391,319,2012-07-06 01:08:36
392,378,2017-02-10 18:04:25
393,52,2020-08-06 20:35:37
394,344,2015-12-17 23:27:39
395,153,2015-02-18 17:23:03
396,237,2011-05-20 22:43:11
397,311,2010-11-21 14:40:17
398,302,2012-09-19 11:15:16
399,32,2013-12-21 06:38:58
400,55,2023-08-19 18:26:30
401,352,2019-12-13 16:52:41
402,389,2019-01-04 08:34:44
403,36,2018-11-22 14:01:59
404,110,2022-01-05 13:59:12
405,490,2022-02-07 20:35:30
406,177,2017-12-27 22:19:30
407,362,2023-03-16 03:51:52
408,314,2019-10-21 22:16:52
409,295,2022-07-28 01:12:43
410,336,2023-07-18 11:43:52
411,97,2017-11-23 23:07:40
412,369,2012-12-31 08:58:08
413,213,2013-07-28 17:41:05
414,317,2022-12-06 21:00:36
415,137,2023-08-27 18:45:23
416,6,2015-11-08 00:59:42
417,499,2010-02-18 01:16:25
418,109,2022-02-03 06:32:24
419,35,2023-09-11 15:37:42
420,39,2017-12-30 16:22:45
421,150,2018-05-02 09:37:58
422,425,2016-02-21 04:59:12
423,118,2013-03-08 18:26:24
424,261,2023-12-09 19:17:16
425,426,2013-12-11 11:57:15
426,87,2023-04-25 09:00:41
427,465,2015-10-16 23:07:22
428,76,2019-03-18 19:29:44
429,471,2015-09-04 22:01:10
430,464,2021-04-10 18:07:17
431,451,2016-08-24 18:47:12
432,414,2015-12-05 07:06:56
433,313,2021-02-14 14:08:05
434,383,2023-10-08 01:07:57
435,214,2021-05-03 21:31:49
436,457,2023-03-11 20:32:33
437,285,2017-04-19 23:44:09
438,239,2015-07-20 21:55:32
439,165,2012-03-04 08:34:12
440,87,2019-08-16 10:10:09
441,141,2015-05-03 01:00:05
442,160,2023-08-10 19:15:59
443,46,2022-05-26 03:08:40
444,372,2015-12-29 08:41:37
445,495,2023-04-12 20:36:25
446,112,2021-11-18 11:39:13
447,407,2015-01-02 14:59:59
448,45,2021-08-04 10:32:18
449,401,2013-07-15 03:33:16
450,247,2016-03-08 10:20:05
451,104,2015-07-11 14:50:51
452,85,2018-06-23 14:42:31
453,450,2015-01-12 19:05:18
454,485,2011-09-14 12:14:31
455,134,2017-09-04 20:08:27
456,108,2021-06-19 14:04:57
457,18,2024-01-11 05:32:18
458,94,2017-01-26 18:36:47
459,150,2015-12-27 17:46:26
460,246,2014-12-09 09:34:54
461,289,2020-05-24 01:32:47
462,414,2022-03-21 20:42:07
463,209,2011-03-05 13:03:02
464,126,2015-05-28 19:31:31
465,235,2016-02-08 09:27:53
466,416,2020-12-01 12:18:06
467,426,2011-02-23 19:25:55
468,499,2010-12-02 14:51:25
469,462,2010-07-24 04:39:15
470,122,2012-08-21 16:14:13
471,138,2012-06-11 02:01:50
472,495,2020-11-14 22:04:39
473,115,2010-03-04 07:48:55
474,420,2010-05-21 16:24:52
475,162,2014-09-18 10:26:22
476,201,2010-08-16 18:22:13
477,234,2014-12-26 09:08:03
478,28,2010-10-01 01:49:01
479,11,2019-10-02 03:24:44
480,206,2020-05-17 21:04:40
481,167,2018-03-11 16:13:27
482,247,2010-02-06 06:20:11
483,47,2012-12-30 05:54:33
484,246,2017-11-22 05:43:12
485,127,2013-09-12 11:59:58
486,147,2017-02-23 11:10:57
487,118,2018-11-16 08:06:48
488,399,2022-10-25 07:36:23
489,382,2022-02-07 19:16:13
490,412,2022-10-01 00:32:02
491,152,2014-08-29 02:17:43
492,72,2014-06-01 03:34:03
493,363,2015-04-08 21:02:24
494,137,2012-02-21 20:40:09
495,175,2016-07-31 04:51:46
496,289,2014-04-29 19:08:35
497,446,2020-06-09 14:52:06
498,481,2019-10-25 06:25:28
499,19,2013-01-17 14:02:34
500,195,2010-09-27 10:19:29
501,330,2022-09-18 08:02:50
502,424,2013-06-27 04:07:46
503,175,2018-12-29 11:08:52
504,490,2022-03-06 21:48:34
505,449,2019-08-12 00:08:42
506,413,2020-09-20 12:03:03
507,434,2018-05-27 06:45:31
508,354,2013-03-05 17:20:09
509,499,2022-10-19 13:26:31
510,141,2015-01-21 03:18:47
511,246,2015-11-01 07:18:51
512,385,2011-01-07 22:14:00
513,418,2020-07-24 04:29:23
514,93,2013-08-07 10:09:40
515,432,2011-04-22 08:16:20
516,239,2018-06-27 09:22:15
517,205,2016-07-09 19:49:10
518,48,2012-05-28 14:41:12
519,433,2012-11-08 10:45:02
520,245,2019-08-23 12:22:38
521,320,2015-06-16 21:18:39
522,317,2012-12-27 12:49:49
523,413,2014-06-30 20:58:15
524,295,2012-09-30 16:14:09
525,128,2014-06-27 04:38:01
526,344,2019-11-19 02:40:59
527,282,2019-08-26 09:56:35
528,17,2017-11-14 06:10:13
529,71,2015-11-21 12:48:11
530,269,2015-08-02 19:50:25
531,325,2019-02-01 17:46:46
532,282,2014-03-29 03:20:34
533,305,2013-01-07 21:20:26
534,451,2013-08-30 10:18:25
535,7,2015-12-21 00:06:02
536,314,2010-12-17 12:17:41
537,305,2012-02-21 00:34:40
538,103,2023-05-10 04:55:55
539,309,2020-06-25 11:16:16
540,193,2014-07-18 12:11:34
541,241,2018-01-23 01:59:27
542,62,2012-08-01 23:36:04
543,17,2013-12-27 03:22:35
544,171,2019-07-31 11:38:23
545,25,2013-09-09 08:40:10
546,251,2018-08-06 19:11:32
547,253,2018-11-22 05:52:03
548,387,2016-08-12 14:02:05
549,207,2022-08-16 22:04:29
550,29,2021-05-12 00:31:49
551,117,2011-01-04 16:04:47
552,491,2017-04-18 15:30:19
553,416,2010-09-16 19:55:25
554,282,2019-06-26 03:45:58
555,380,2022-07-16 15:19:43
556,144,2015-10-27 15:50:22
557,25,2015-11-04 13:33:08
558,310,2023-08-21 06:01:01
559,156,2011-04-26 18:16:44
560,73,2019-12-09 09:45:05
561,120,2015-07-29 21:05:07
562,312,2010-12-11 09:07:49
563,321,2017-02-22 06:38:22
564,93,2014-03-28 16:20:10
565,86,2015-01-25 21:11:18
566,336,2010-08-28 22:11:11
567,425,2011-09-19 17:21:30
568,499,2018-06-03 03:02:28
569,364,2018-02-18 11:18:48
570,435,2022-08-30 13:41:22
571,118,2013-09-24 01:01:20
572,233,2013-12-30 16:48:03
573,199,2022-11-04 08:15:20
574,206,2019-12-06 18:48:51
575,413,2012-01-29 11:33:53
576,339,2021-07-15 02:12:41
577,147,2020-10-22 07:45:01
578,450,2010-07-20 04:33:01
579,425,2023-05-27 08:14:26
580,429,2018-06-30 12:21:16
581,271,2021-10-26 20:45:15
582,387,2016-04-30 00:27:52
583,139,2019-05-27 03:58:43
584,181,2015-11-18 21:08:53
585,430,2015-07-21 20:50:57
586,30,2021-08-08 10:37:06
587,57,2011-04-22 08:15:55
588,232,2018-10-04 20:40:11
589,146,2023-02-02 12:46:02
590,435,2013-07-31 04:21:21
591,384,2019-10-02 02:08:46
592,48,2013-08-18 16:03:55
593,194,2021-06-20 20:17:47
594,224,2018-09-20 11:30:16
595,136,2010-08-03 20:19:35
596,22,2019-06-05 16:33:25
597,6,2020-08-25 18:59:14
598,204,2010-08-28 16:46:03
599,239,2021-08-06 17:09:47
600,185,2013-06-18 09:02:21
601,360,2016-08-20 22:51:05
602,292,2021-11-04 11:46:28
603,335,2020-05-04 21:32:39
604,220,2021-11-12 17:09:45
605,116,2023-09-12 17:11:25
606,313,2022-10-21 14:45:52
607,49,2016-02-21 20:44:18
608,173,2012-04-23 16:22:11
609,82,2014-02-18 04:44:17
610,322,2023-05-01 16:39:04
611,333,2020-04-03 17:13:18
612,45,2019-01-07 19:45:21
613,335,2013-07-23 19:17:12
614,20,2018-03-27 17:49:10
615,448,2020-07-07 02:31:27
616,221,2023-12-08 02:04:05
617,123,2022-06-12 21:10:28
618,234,2017-08-25 12:17:47
619,221,2023-02-08 11:03:38
620,323,2022-10-04 16:59:09
621,339,2010-07-17 14:12:42
622,3,2011-03-31 10:59:46
623,182,2014-03-27 18:21:20
624,206,2010-03-04 20:53:39
625,320,2016-12-19 01:12:47
626,40,2020-03-22 10:34:41
627,59,2018-11-02 04:04:50
628,439,2018-05-07 14:11:51
629,62,2010-07-09 18:01:27
630,132,2019-06-24 21:07:39
631,60,2017-09-18 01:19:42
632,372,2016-10-15 14:52:22
633,331,2015-09-26 09:26:29
634,122,2014-02-14 08:19:31
635,479,2023-11-28 08:57:31
636,107,2021-11-05 20:06:31
637,96,2019-11-22 11:43:50
638,347,2013-12-26 07:44:22
639,414,2020-06-28 13:39:11
640,235,2012-06-07 21:57:18
641,386,2022-04-20 19:38:42
642,62,2019-05-31 11:50:27
643,256,2011-09-22 01:42:48
644,49,2022-04-28 06:20:30
645,393,2017-07-12 12:12:21
646,348,2021-12-05 19:49:18
647,159,2019-04-29 10:08:20
648,124,2014-07-08 20:26:10
649,482,2011-10-16 22:52:40
650,317,2017-05-05 16:33:56
651,207,2014-07-14 16:00:52
652,48,2013-10-31 23:30:53
653,409,2011-04-05 18:09:55
654,420,2018-08-13 21:35:09
655,136,2013-11-23 02:28:51
656,201,2012-03-09 14:01:10
657,250,2017-10-24 04:07:36
658,314,2015-03-27 05:28:02
659,357,2018-01-16 13:45:31
660,368,2015-06-11 15:50:36
661,429,2013-03-31 11:02:38
662,318,2011-05-27 08:41:53
663,295,2013-07-04 23:04:18
664,480,2014-05-20 10:09:36
665,314,2016-03-23 08:46:50
666,500,2010-01-10 08:46:18
667,209,2018-03-24 12:29:10
668,355,2016-01-01 06:46:18
669,485,2012-01-04 16:37:53
670,211,2019-10-22 21:36:55
671,192,2010-08-12 20:10:21
672,44,2021-08-14 04:23:01
673,29,2023-11-06 01:04:13
674,59,2010-11-25 16:21:08
675,71,2016-05-07 21:29:43
676,92,2010-07-11 07:41:49
677,265,2010-09-26 11:06:10
678,383,2015-02-21 02:46:42
679,220,2023-11-09 12:31:25
680,390,2017-02-15 13:09:18
681,413,2016-06-21 15:29:23
682,442,2012-06-13 18:56:48
683,401,2015-09-21 01:23:36
684,400,2016-04-27 17:53:43
685,215,2013-09-12 21:03:09
686,479,2015-11-12 08:19:37
687,387,2022-06-02 17:37:41
688,277,2014-02-02 03:56:06
689,64,2010-05-02 23:41:09
690,346,2021-04-03 11:01:12
691,292,2015-09-30 16:18:26
692,490,2023-04-23 11:41:33
693,485,2014-11-14 03:27:46
694,245,2020-05-07 22:06:58
695,470,2010-07-16 22:43:53
696,62,2020-02-12 05:41:38
697,426,2017-06-22 10:19:52
698,332,2022-03-06 03:01:47
699,170,2012-06-14 02:39:15
700,445,2021-12-14 01:49:58
701,269,2023-11-03 02:13:18
702,267,2018-01-21 02:13:28
703,54,2017-06-14 16:36:10
704,16,2010-06-10 23:12:59
705,8,2020-10-21 17:31:34
706,104,2014-06-13 07:51:20
707,59,2014-04-16 22:15:23
708,313,2011-05-17 12:46:10
709,40,2020-03-09 10:14:11
710,237,2022-09-20 02:03:35
711,443,2020-09-16 12:01:41
712,386,2015-07-17 03:10:52
713,94,2019-04-21 05:54:43
714,222,2023-02-20 18:06:31
715,204,2011-10-24 22:21:04
716,138,2016-04-11 19:33:28
717,300,2011-09-09 14:35:43
718,395,2019-02-22 01:51:28
719,207,2022-10-06 05:32:39
720,336,2014-08-09 14:54:43
721,81,2016-12-23 09:50:16
722,218,2020-02-23 03:29:17
723,2,2023-05-22 09:03:06
724,178,2020-02-08 12:48:52
725,396,2016-06-06 04:53:54
726,371,2023-10-18 05:02:32
727,346,2016-10-17 11:49:14
728,279,2023-06-13 18:53:28
729,146,2016-07-21 04:38:27
730,318,2018-10-11 21:04:58
731,224,2013-10-18 16:01:07
732,369,2010-04-22 07:46:35
733,384,2023-12-02 13:32:55
734,62,2010-04-23 10:22:57
735,294,2015-10-29 19:58:32
736,239,2020-12-11 02:29:16
737,195,2022-09-09 01:39:57
738,166,2022-04-22 02:22:13
739,451,2012-05-10 02:40:40
740,222,2018-03-19 00:42:38
741,61,2010-02-28 11:14:06
742,129,2020-09-30 13:52:54
743,478,2014-04-06 18:03:59
744,173,2021-12-31 01:39:09
745,480,2016-01-25 23:57:36
746,156,2014-10-21 07:01:03
747,405,2014-09-20 11:14:37
748,378,2017-05-17 10:20:59
749,110,2021-04-09 08:24:02
750,269,2012-06-02 16:23:38
751,411,2015-05-01 16:42:21
752,356,2019-12-26 05:10:44
753,391,2012-12-02 01:42:22
754,278,2014-08-09 10:53:08
755,74,2018-08-30 14:33:40
756,487,2010-04-25 16:39:11
757,437,2021-01-28 02:23:15
758,463,2022-12-17 16:12:20
759,207,2023-06-22 05:57:22
760,388,2022-10-10 16:06:20
761,480,2013-06-08 16:11:52
762,279,2014-09-18 07:24:44
763,375,2014-06-11 19:48:24
764,326,2016-01-07 04:57:39
765,472,2020-10-16 08:50:24
766,340,2018-10-21 14:27:45
767,357,2010-07-17 19:00:39
768,340,2020-12-31 19:22:07
769,204,2019-10-08 19:45:04
770,161,2013-06-03 19:31:19
771,28,2012-05-17 06:18:20
772,392,2019-06-15 09:37:26
773,257,2017-07-18 07:28:46
774,165,2021-03-10 12:50:47
775,63,2019-02-10 22:23:07
776,22,2014-11-09 11:49:09
777,70,2018-02-10 12:44:59
778,381,2022-03-04 18:00:13
779,405,2013-04-02 01:32:30
780,96,2011-09-15 13:26:38
781,163,2023-11-15 15:23:20
782,79,2022-05-12 11:20:50
783,5,2012-05-21 02:06:17
784,316,2015-06-03 16:41:23
785,120,2019-04-23 04:32:28
786,302,2016-03-15 21:20:21
787,178,2019-12-14 05:37:24
788,176,2010-11-10 13:12:18
789,390,2019-07-24 22:52:21
790,217,2022-06-25 06:58:27
791,56,2015-04-13 20:54:16
792,366,2020-07-26 04:42:04
793,187,2011-12-28 01:06:58
794,232,2016-12-31 10:02:30
795,255,2011-09-07 14:33:42
796,413,2010-11-29 17:35:23
797,455,2011-04-18 19:27:17
798,104,2015-01-01 20:51:23
799,77,2023-01-13 13:31:46
800,230,2013-09-15 07:48:37
801,402,2011-09-23 02:37:31
802,258,2020-04-12 16:03:13
803,264,2012-12-08 04:32:23
804,331,2023-09-13 09:23:45
805,481,2023-04-29 11:49:46
806,182,2010-11-08 11:41:52
807,381,2012-07-31 10:53:59
808,256,2011-03-29 13:32:06
809,38,2014-05-09 07:58:29
810,176,2019-08-28 01:25:25
811,27,2012-03-30 05:25:41
812,276,2010-08-07 07:22:00
813,140,2010-05-26 04:55:45
814,299,2015-05-31 18:38:52
815,445,2023-04-09 10:06:03
816,287,2016-03-19 05:04:25
817,91,2014-05-29 15:02:50
818,480,2012-01-17 20:26:47
819,61,2013-08-25 22:43:07
820,458,2022-11-18 16:01:45
821,451,2023-02-20 15:58:56
822,365,2020-04-09 09:36:56
823,347,2021-01-26 18:45:48
824,163,2023-05-03 04:22:04
825,351,2019-09-05 06:52:23
826,143,2022-11-23 17:42:37
827,400,2019-11-12 09:51:43
828,253,2014-03-06 06:30:04
829,269,2023-07-07 15:42:11
830,369,2021-02-27 20:57:27
831,291,2022-05-15 01:04:48
832,500,2012-04-03 19:54:52
833,459,2015-01-14 15:39:40
834,187,2010-10-01 16:40:05
835,405,2011-01-16 23:33:01
836,499,2016-09-26 12:02:56
837,438,2022-10-21 04:27:41
838,459,2021-05-04 17:08:23
839,414,2014-12-31 10:17:14
840,304,2022-10-14 00:25:55
841,291,2014-10-02 06:53:20
842,86,2022-02-04 06:53:13
843,166,2021-12-16 03:27:34
844,415,2017-02-27 01:09:40
845,462,2018-08-25 12:22:12
846,408,2019-10-22 13:22:56
847,114,2022-09-23 09:34:55
848,433,2011-09-22 17:11:25
849,480,2012-12-19 12:39:05
850,356,2015-12-02 20:11:22
851,416,2016-01-16 12:40:21
852,183,2017-09-22 05:49:49
853,207,2013-10-15 01:01:28
854,256,2012-12-30 08:57:44
855,235,2019-01-28 18:56:23
856,442,2021-11-08 09:43:00
857,355,2014-09-15 02:25:52
858,3,2019-04-14 13:43:44
859,208,2014-04-20 19:37:56
860,197,2022-12-17 13:37:54
861,341,2010-08-30 17:24:10
862,125,2011-01-04 10:47:02
863,138,2020-03-06 07:28:54
864,339,2014-01-14 19:33:58
865,25,2016-11-11 09:39:11
866,68,2020-07-07 13:18:02
867,61,2016-02-08 16:23:09
868,29,2020-04-15 22:45:30
869,383,2010-11-19 13:49:00
870,19,2017-05-29 13:34:54
871,171,2013-05-14 09:51:41
872,450,2015-06-22 13:10:04
873,74,2012-08-31 03:09:52
874,61,2012-01-10 07:24:23
875,427,2016-05-16 20:11:23
876,153,2014-11-26 14:48:43
877,276,2010-12-27 19:47:19
878,48,2014-06-10 02:26:15
879,211,2016-04-02 20:08:28
880,343,2022-02-12 20:05:08
881,408,2011-02-11 07:04:12
882,139,2016-10-02 00:28:44
883,110,2018-01-30 10:24:47
884,482,2016-05-11 20:14:24
885,183,2020-01-17 03:21:16
886,28,2022-09-19 09:24:41
887,197,2020-11-23 19:54:14
888,191,2020-10-03 18:11:39
889,315,2019-09-10 06:51:37
890,389,2023-02-13 17:52:04
891,51,2010-03-19 19:14:15
892,149,2011-07-21 18:22:18
893,268,2010-04-15 13:59:09
894,50,2016-12-16 22:53:10
895,388,2022-08-07 18:51:09
896,246,2011-01-14 03:45:48
897,113,2020-10-31 07:39:26
898,170,2018-02-06 23:44:22
899,468,2015-07-10 04:27:28
900,166,2018-05-20 15:37:53
901,409,2010-11-29 18:31:45
902,14,2015-06-26 22:20:51
903,203,2011-03-16 09:11:57
904,288,2016-11-08 03:42:24
905,395,2021-01-21 06:55:58
906,189,2015-02-16 07:30:43
907,402,2022-07-24 12:02:44
908,155,2023-02-10 04:02:54
909,55,2015-12-25 15:45:31
910,182,2016-09-30 19:36:07
911,210,2010-02-28 13:27:47
912,376,2013-06-12 17:27:12
913,471,2019-08-31 19:26:24
914,75,2013-12-24 12:21:31
915,277,2020-11-29 18:29:13
916,428,2019-09-04 11:03:14
917,133,2019-01-30 22:52:22
918,343,2015-02-16 20:24:33
919,425,2015-12-07 00:11:42
920,59,2012-11-14 16:43:08
921,345,2017-04-21 22:44:56
922,489,2012-12-02 06:57:13
923,182,2011-10-11 04:12:34
924,458,2022-09-30 21:40:26
925,406,2023-06-08 00:37:32
926,339,2011-05-19 14:58:17
927,321,2010-04-18 01:21:17
928,64,2011-07-06 14:06:09
929,327,2011-11-21 13:08:02
930,260,2015-03-19 06:06:45
931,193,2013-12-28 13:59:02
932,143,2016-05-17 20:24:34
933,104,2023-06-21 23:27:15
934,460,2011-10-03 02:58:13
935,406,2013-09-26 17:04:01
936,214,2014-01-30 21:17:16
937,242,2019-01-16 22:35:17
938,431,2020-10-02 23:49:22
939,209,2014-08-16 12:46:07
940,93,2012-05-01 21:22:47
941,430,2019-07-13 08:19:13
942,142,2011-08-05 22:31:44
943,434,2019-07-06 20:55:04
944,404,2016-05-27 02:03:41
945,434,2014-06-04 05:18:03
946,112,2016-02-17 23:39:14
947,417,2020-01-20 06:08:42
948,375,2021-06-27 04:01:58
949,59,2020-07-04 15:03:08
950,43,2013-04-26 09:03:10
951,207,2015-12-15 06:44:41
952,268,2014-10-13 13:15:16
953,296,2017-11-24 07:41:49
954,118,2017-12-25 03:06:24
955,20,2022-05-24 04:30:54
956,222,2022-09-06 08:59:10
957,166,2022-06-20 20:20:40
958,131,2019-01-30 19:52:55
959,156,2013-09-18 16:12:40
960,184,2019-03-04 16:53:57
961,90,2023-01-05 12:27:07
962,94,2011-09-09 00:55:48
963,13,2019-03-10 02:04:37
964,461,2023-11-11 13:19:38
965,322,2017-06-23 15:19:45
966,293,2013-12-07 12:29:23
967,433,2016-07-12 10:24:34
968,230,2020-07-25 05:52:44
969,322,2013-06-15 16:55:18
970,292,2015-10-16 09:28:40
971,438,2017-08-31 08:37:08
972,26,2015-04-22 23:06:33
973,75,2022-04-16 02:51:09
974,456,2019-09-21 06:48:27
975,364,2023-10-14 14:40:43
976,424,2016-08-01 23:59:29
977,299,2011-04-05 07:17:51
978,150,2019-11-10 03:15:14
979,148,2020-03-23 09:39:14
980,8,2020-10-15 08:26:19
981,29,2015-09-01 16:46:06
982,296,2011-04-10 20:12:24
983,474,2017-08-15 00:58:38
984,414,2023-06-17 00:49:26
985,209,2019-05-17 09:18:31
986,128,2011-12-30 08:33:14
987,340,2021-03-10 02:55:43
988,116,2011-09-04 22:03:11
989,439,2023-10-04 10:11:04
990,144,2013-09-25 01:42:13
991,430,2020-12-19 22:40:35
992,318,2012-06-12 12:05:15
993,235,2018-08-18 21:07:44
994,7,2013-07-07 03:37:59
995,464,2011-08-04 16:26:09
996,45,2015-09-12 21:10:15
997,443,2015-07-13 15:30:35
998,239,2017-07-23 09:04:36
999,440,2012-10-28 00:23:34
1000,432,2012-05-24 14:37:55
1001,155,2016-02-04 22:45:56
1002,181,2012-01-21 11:27:51
1003,215,2011-08-15 21:23:12
1004,88,2023-01-19 02:15:28
1005,256,2019-10-02 11:08:30
1006,73,2014-01-04 10:50:59
1007,419,2022-03-21 10:23:14
1008,179,2013-06-19 00:21:48
1009,212,2012-05-06 23:22:49
1010,293,2012-11-01 02:04:43
1011,234,2010-07-14 09:08:33
1012,465,2011-08-15 16:01:31
1013,239,2010-11-30 13:48:18
1014,223,2022-05-01 22:58:50
1015,119,2011-06-25 13:47:26
1016,313,2019-10-05 19:37:02
1017,264,2015-09-05 22:12:42
1018,207,2014-09-18 09:53:01
1019,95,2023-01-24 15:08:58
1020,373,2018-05-02 03:19:12
1021,222,2023-10-13 15:46:56
1022,366,2017-02-03 22:20:21
1023,276,2023-03-22 19:55:43
1024,380,2014-03-26 06:15:35
1025,231,2022-06-26 14:14:07
1026,309,2022-08-23 17:08:03
1027,119,2020-12-01 19:59:51
1028,268,2018-02-15 03:05:09
1029,433,2020-10-02 04:36:16
1030,273,2018-08-12 09:06:11
1031,64,2015-10-07 17:08:00
1032,298,2012-02-13 03:24:28
1033,350,2023-03-17 03:38:25
1034,413,2013-09-30 20:35:03
1035,403,2023-12-11 22:08:23
1036,494,2010-09-29 04:12:42
1037,11,2014-05-06 09:20:02
1038,98,2022-02-12 01:54:18
1039,434,2011-06-21 07:50:04
1040,71,2011-04-03 16:02:11
1041,364,2023-07-08 08:08:57
1042,58,2015-04-23 12:03:38
1043,290,2021-05-31 21:44:13
1044,251,2014-03-19 19:41:41
1045,276,2016-11-22 04:41:14
1046,50,2011-10-08 13:48:47
1047,358,2015-05-01 04:02:34
1048,216,2014-10-08 02:22:33
1049,394,2012-10-12 19:02:10
1050,416,2013-03-06 20:08:17
1051,52,2018-08-09 00:00:05
1052,271,2010-11-05 21:08:10
1053,485,2013-01-01 16:49:00
1054,84,2021-05-14 22:49:50
1055,387,2015-05-05 20:50:37
1056,293,2010-09-08 22:14:01
1057,126,2013-05-31 21:23:48
1058,296,2021-08-20 05:54:01
1059,72,2021-01-05 11:55:21
1060,296,2018-09-15 19:15:48
1061,236,2023-06-23 15:15:46
1062,56,2011-10-29 07:12:22
1063,407,2019-05-30 08:34:13
1064,360,2024-01-05 07:37:39
1065,395,2020-06-10 03:26:51
1066,110,2016-03-05 21:46:48
1067,192,2022-01-02 12:44:12
1068,392,2015-03-25 03:28:12
1069,93,2021-09-21 19:38:22
1070,350,2013-08-14 12:18:05
1071,56,2011-12-21 21:34:43
1072,60,2014-03-18 22:02:56
1073,138,2011-06-07 13:11:08
1074,39,2023-01-12 08:50:39
1075,28,2022-04-21 04:00:47
1076,49,2013-03-16 02:59:33
1077,420,2015-08-21 09:11:31
1078,125,2013-12-19 19:23:16
1079,13,2024-01-02 02:46:00
1080,480,2017-04-24 00:17:52
1081,36,2014-05-23 12:43:56
1082,101,2015-09-05 03:46:41
1083,282,2015-11-25 06:59:56
1084,86,2011-08-15 15:25:09
1085,4,2021-05-21 06:17:30
1086,223,2022-01-19 19:19:50
1087,338,2018-11-28 02:34:26
1088,448,2017-02-14 11:59:37
1089,166,2020-06-15 11:49:53
1090,383,2011-04-10 00:58:07
1091,344,2021-06-08 08:16:44
1092,383,2019-06-24 00:28:34
1093,376,2017-02-06 10:20:41
1094,471,2017-11-05 16:14:40
1095,278,2011-01-06 03:51:48
1096,130,2022-08-01 14:43:57
1097,31,2017-02-17 04:30:54
1098,375,2012-10-03 12:26:19
1099,11,2022-06-11 09:11:07
1100,476,2020-12-25 01:08:26
1101,302,2017-11-08 17:18:30
1102,96,2016-02-07 09:28:35
1103,190,2023-03-29 16:01:54
1104,453,2015-06-24 10:37:52
1105,192,2020-12-14 01:35:23
1106,486,2021-04-18 04:17:02
1107,266,2011-12-07 17:19:19
1108,424,2019-05-26 04:24:02
1109,128,2013-06-22 16:19:24
1110,238,2010-03-03 08:35:58
1111,408,2019-02-01 12:06:57
1112,355,2021-03-15 14:27:47
1113,428,2013-08-24 04:21:06
1114,112,2014-05-30 00:46:52
1115,316,2010-09-22 04:45:47
1116,446,2016-11-14 20:10:57
1117,343,2020-04-27 04:30:13
1118,145,2019-06-11 18:24:56
1119,65,2015-10-15 17:59:51
1120,247,2021-10-07 05:30:58
1121,223,2020-05-21 11:53:08
1122,479,2012-09-28 01:16:04
1123,490,2013-02-16 13:09:27
1124,313,2015-05-16 13:03:23
1125,439,2023-12-17 04:11:48
1126,106,2023-09-08 04:05:36
1127,181,2021-09-09 08:27:16
1128,184,2015-11-09 18:19:15
1129,226,2014-05-07 21:15:33
1130,265,2023-12-26 17:12:50
1131,278,2011-01-02 11:35:26
1132,397,2022-02-12 15:33:19
1133,89,2022-08-29 18:37:14
1134,176,2014-09-09 17:57:08
1135,18,2023-06-29 07:27:29
1136,371,2023-03-23 00:23:38
1137,460,2014-07-18 15:47:56
1138,424,2021-05-12 03:19:10
1139,401,2015-03-04 01:46:29
1140,399,2010-10-08 23:30:28
1141,106,2015-07-07 18:03:54
1142,271,2016-09-17 20:00:38
1143,463,2017-11-10 07:45:08
1144,319,2016-01-07 17:22:24
1145,167,2017-08-03 15:22:31
1146,13,2013-07-04 21:54:27
1147,337,2022-06-29 12:16:40
1148,32,2010-04-14 22:09:49
1149,393,2014-09-10 01:52:57
1150,40,2019-05-26 02:25:15
1151,148,2022-11-16 23:24:53
1152,218,2013-03-28 21:41:36
1153,219,2020-02-02 03:13:54
1154,469,2021-12-07 09:04:18
1155,82,2011-10-04 09:10:49
1156,333,2022-10-01 11:32:59
1157,208,2010-08-18 17:19:47
1158,201,2022-01-28 20:50:06
1159,447,2017-02-20 04:16:54
1160,332,2010-01-17 09:35:53
1161,428,2014-11-14 19:26:29
1162,38,2013-01-20 16:54:34
1163,211,2020-08-24 11:46:40
1164,444,2018-07-15 09:58:21
1165,327,2011-08-10 11:47:35
1166,249,2019-01-05 23:58:14
1167,227,2011-07-28 16:21:34
1168,48,2011-07-15 12:08:42
1169,18,2015-12-15 01:32:47
1170,400,2020-07-08 13:28:17
1171,439,2023-09-16 15:25:04
1172,295,2012-08-24 23:48:04
1173,196,2021-01-08 12:02:34
1174,187,2014-06-08 18:28:33
1175,345,2019-04-26 22:59:39
1176,224,2020-07-20 11:40:34
1177,318,2023-11-25 06:18:22
1178,488,2011-12-24 04:20:14
1179,397,2022-06-10 20:30:38
1180,365,2020-01-04 03:26:59
1181,337,2017-09-14 01:42:30
1182,497,2021-01-11 21:00:28
1183,229,2023-10-24 18:23:30
1184,390,2020-04-09 20:35:59
1185,467,2018-02-04 08:20:23
1186,77,2010-06-07 11:23:24
1187,188,2018-09-24 21:42:40
1188,346,2012-01-26 12:17:20
1189,270,2023-03-14 08:21:04
1190,95,2016-08-04 17:05:36
1191,310,2012-06-18 06:27:43
1192,132,2018-07-02 18:48:50
1193,39,2018-06-05 00:28:46
1194,72,2011-02-25 18:51:17
1195,281,2010-10-28 15:01:22
1196,333,2019-12-24 17:02:50
1197,160,2014-03-11 13:57:24
1198,187,2011-06-03 14:26:20
1199,486,2023-02-20 16:24:14
1200,191,2010-03-21 03:56:29
1201,422,2023-01-12 12:49:00
1202,120,2016-12-29 05:50:22
1203,220,2012-08-08 06:23:11
1204,53,2011-09-19 04:05:05
1205,222,2023-11-11 15:59:27
1206,451,2017-05-21 03:35:49
1207,412,2018-07-15 22:19:08
1208,131,2014-02-27 14:55:17
1209,237,2023-04-20 00:56:10
1210,246,2019-03-12 01:19:49
1211,226,2013-09-15 10:06:01
1212,208,2011-04-15 00:32:41
1213,406,2011-01-11 00:28:47
1214,96,2016-09-21 11:14:05
1215,422,2012-08-25 20:56:52
1216,200,2019-07-02 16:01:15
1217,247,2017-05-30 02:06:57
1218,72,2021-05-09 04:48:40
1219,318,2013-11-30 15:51:51
1220,185,2021-08-31 10:00:23
1221,6,2013-11-21 15:00:45
1222,206,2021-03-22 12:19:04
1223,32,2015-11-28 03:05:01
1224,99,2011-03-17 14:18:22
1225,394,2020-04-18 15:10:41
1226,387,2017-01-20 01:12:39
1227,256,2020-09-05 17:31:28
1228,187,2022-03-23 14:04:23
1229,76,2016-01-28 01:00:54
1230,177,2010-04-26 04:57:01
1231,315,2011-12-13 14:47:34
1232,287,2016-01-05 07:14:10
1233,349,2022-06-29 12:40:03
1234,255,2021-06-14 20:24:56
1235,325,2011-01-29 00:36:52
1236,190,2019-05-25 11:27:10
1237,308,2012-06-06 08:13:24
1238,345,2010-10-09 15:34:36
1239,127,2010-06-20 09:39:51
1240,425,2018-06-14 13:28:39
1241,287,2012-07-29 15:45:08
1242,254,2019-10-16 11:49:15
1243,213,2014-07-26 07:23:43
1244,250,2018-01-21 00:16:08
1245,84,2012-03-12 03:03:26
1246,487,2011-04-14 11:35:28
1247,383,2023-01-21 06:43:47
1248,406,2020-03-18 23:22:10
1249,388,2022-01-22 13:32:23
1250,13,2013-04-13 00:38:46
1251,45,2023-05-12 00:53:53
1252,127,2020-07-26 23:15:57
1253,426,2014-02-16 22:25:17
1254,114,2014-06-06 17:21:03
1255,433,2018-06-30 05:41:23
1256,276,2014-05-16 00:32:29
1257,500,2013-05-02 19:47:42
1258,205,2018-12-26 08:48:37
1259,337,2017-08-22 14:27:22
1260,438,2023-06-14 09:29:06
1261,420,2016-09-08 06:46:31
1262,481,2010-12-19 10:29:33
1263,385,2017-12-04 21:18:51
1264,399,2020-06-26 17:05:16
1265,461,2019-11-23 08:11:24
1266,273,2019-11-26 17:37:35
1267,408,2019-11-04 20:54:57
1268,58,2010-10-30 16:09:16
1269,328,2020-11-26 13:10:20
1270,498,2023-09-27 19:32:34
1271,219,2013-01-27 06:55:54
1272,109,2016-09-29 22:09:19
1273,279,2017-09-21 23:46:09
1274,174,2020-06-17 20:01:43
1275,328,2010-02-01 00:46:46
1276,264,2022-07-14 01:04:33
1277,315,2016-01-22 21:06:49
1278,474,2021-03-04 12:58:55
1279,111,2024-01-21 01:50:29
1280,187,2016-11-01 17:58:19
1281,269,2012-09-30 23:22:41
1282,423,2019-12-03 23:16:17
1283,229,2021-08-01 20:15:21
1284,497,2013-10-17 14:07:08
1285,156,2015-09-12 14:16:23
1286,473,2016-03-01 09:39:58
1287,189,2021-09-20 16:11:10
1288,272,2014-03-22 05:48:22
1289,375,2013-07-31 16:18:10
1290,2,2017-04-12 15:23:51
1291,246,2015-10-15 10:28:38
1292,210,2017-05-19 16:35:25
1293,401,2013-09-20 13:28:23
1294,286,2014-02-05 09:55:09
1295,359,2012-03-14 17:11:18
1296,13,2014-03-27 12:52:42
1297,96,2012-12-30 23:08:37
1298,498,2019-09-25 01:41:48
1299,221,2021-05-01 18:03:18
1300,238,2023-10-22 11:02:12
1301,94,2022-07-21 19:33:58
1302,338,2023-10-02 04:17:04
1303,269,2016-08-31 19:57:04
1304,171,2012-02-09 07:38:16
1305,469,2022-10-31 09:13:01
1306,94,2014-08-01 16:53:32
1307,149,2022-03-14 10:27:30
1308,112,2015-08-07 03:46:26
1309,55,2013-02-08 06:16:24
1310,337,2011-04-23 18:53:12
1311,424,2018-07-21 22:26:38
1312,467,2011-11-10 23:54:56
1313,116,2022-11-26 02:36:38
1314,143,2010-06-03 07:17:42
1315,201,2020-02-13 22:42:05
1316,180,2020-09-29 11:15:21
1317,202,2021-09-08 08:40:41
1318,364,2019-09-21 21:40:51
1319,479,2017-06-10 00:45:41
1320,53,2019-10-08 23:52:19
1321,471,2011-08-25 00:55:47
1322,384,2017-11-04 04:01:35
1323,180,2013-07-30 07:25:37
1324,414,2022-01-01 02:08:49
1325,417,2022-02-08 20:37:47
1326,313,2019-11-15 17:22:59
1327,308,2017-03-29 06:59:00
1328,137,2017-05-06 07:00:39
1329,182,2015-06-10 22:12:30
1330,367,2017-02-22 20:05:41
1331,1,2018-08-13 02:38:21
1332,44,2012-09-29 15:37:34
1333,227,2012-06-07 14:50:52
1334,331,2015-09-09 11:25:46
1335,98,2013-06-13 23:08:06
1336,208,2023-01-08 01:01:59
1337,265,2012-11-30 06:23:13
1338,288,2013-08-07 14:51:55
1339,271,2014-07-30 11:10:22
1340,140,2014-08-31 18:34:53
1341,481,2010-12-14 13:58:57
1342,237,2011-03-15 20:38:41
1343,462,2020-01-16 12:41:27
1344,441,2010-08-15 13:32:17
1345,392,2023-03-02 01:18:54
1346,72,2017-05-24 20:38:34
1347,155,2012-12-07 02:37:28
1348,190,2013-09-26 09:06:56
1349,268,2019-03-14 18:11:26
1350,321,2023-12-26 15:26:48
1351,107,2010-01-07 16:42:06
1352,232,2018-09-19 10:07:44
1353,42,2011-07-08 05:34:49
1354,190,2014-06-30 06:23:24
1355,371,2016-05-18 00:30:17
1356,139,2022-04-03 20:22:41
1357,103,2013-07-24 21:30:07
1358,171,2022-09-22 04:51:33
1359,351,2021-02-27 01:45:09
1360,273,2012-10-27 07:57:04
1361,481,2018-07-14 07:37:58
1362,416,2021-05-02 04:49:27
1363,221,2022-02-28 00:58:25
1364,213,2022-07-08 18:05:59
1365,341,2010-07-09 21:20:40
1366,424,2022-04-20 08:29:57
1367,407,2018-11-28 11:06:19
1368,56,2021-04-04 19:23:43
1369,390,2019-01-08 07:22:04
1370,342,2017-08-10 04:14:19
1371,434,2023-11-14 02:20:58
1372,102,2020-06-10 12:09:28
1373,421,2010-09-03 01:37:46
1374,493,2012-10-10 18:08:18
1375,192,2018-11-05 09:21:12
1376,499,2022-08-14 17:36:26
1377,310,2018-08-16 01:00:27
1378,200,2019-10-10 15:39:47
1379,233,2015-04-20 08:14:27
1380,433,2014-05-20 15:52:49
1381,227,2012-04-18 17:14:54
1382,371,2019-04-03 11:51:14
1383,139,2018-01-02 19:54:52
1384,344,2016-06-13 11:56:02
1385,305,2014-10-04 00:47:44
1386,149,2010-04-26 00:18:13
1387,115,2010-04-26 05:32:31
1388,450,2018-05-07 06:59:03
1389,63,2022-02-15 02:41:15
1390,104,2016-10-28 11:25:38
1391,339,2022-02-25 14:33:08
1392,359,2018-06-10 23:52:25
1393,156,2015-10-04 08:01:26
1394,273,2018-10-18 17:27:56
1395,6,2011-09-21 18:36:16
1396,147,2017-07-05 13:31:39
1397,184,2011-01-19 08:37:46
1398,486,2022-10-30 03:04:56
1399,28,2020-09-25 00:10:31
1400,450,2016-12-02 15:43:50
1401,38,2010-08-05 21:35:05
1402,119,2011-12-03 16:51:58
1403,293,2015-09-17 11:59:18
1404,371,2010-07-30 08:14:12
1405,244,2021-12-25 19:01:40
1406,68,2010-01-26 09:54:50
1407,214,2015-08-20 06:43:24
1408,218,2017-11-13 14:42:44
1409,177,2022-05-23 23:54:08
1410,299,2013-11-14 17:32:07
1411,164,2011-07-03 16:35:55
1412,58,2010-08-17 16:47:06
1413,269,2020-04-24 16:21:36
1414,308,2016-12-15 14:29:23
1415,58,2020-07-21 13:25:02
1416,288,2019-05-23 03:06:00
1417,465,2016-07-16 16:31:25
1418,105,2012-07-31 21:44:40
1419,228,2023-09-01 05:44:51
1420,247,2014-05-01 23:20:50
1421,188,2011-04-10 06:44:34
1422,494,2012-08-09 21:54:19
1423,83,2016-07-23 08:09:13
1424,186,2021-02-18 06:58:55
1425,252,2011-05-19 01:46:14
1426,355,2010-01-20 22:35:07
1427,238,2017-11-09 17:32:24
1428,360,2023-09-29 03:11:30
1429,184,2021-04-04 00:28:30
1430,284,2021-06-01 19:59:13
1431,385,2011-04-14 11:26:55
1432,426,2012-10-30 00:14:26
1433,210,2010-05-24 05:28:08
1434,304,2017-02-15 13:58:19
1435,296,2012-05-23 06:59:52
1436,97,2018-04-22 11:16:28
1437,447,2015-08-26 04:42:57
1438,460,2017-02-01 09:09:56
1439,456,2019-10-29 01:57:32
1440,472,2015-07-22 01:18:27
1441,208,2023-08-29 07:49:50
1442,370,2022-11-19 06:24:01
1443,388,2021-11-03 11:57:03
1444,422,2014-05-28 07:12:08
1445,492,2023-03-29 21:42:34
1446,411,2010-09-14 08:13:43
1447,137,2013-02-03 01:52:21
1448,367,2022-05-08 17:50:24
1449,400,2016-04-17 15:10:27
1450,184,2017-03-10 08:35:56
1451,76,2010-07-19 23:40:06
1452,287,2014-11-22 12:30:36
1453,472,2016-03-01 22:45:53
1454,375,2012-09-08 00:00:08
1455,142,2011-07-31 16:24:55
1456,237,2017-08-06 04:41:43
1457,25,2013-08-17 06:28:22
1458,290,2010-02-06 00:04:51
1459,67,2018-12-07 08:28:11
1460,250,2023-07-22 17:39:17
1461,408,2012-09-12 21:13:15
1462,118,2017-02-07 19:23:23
1463,490,2012-09-27 17:06:28
1464,73,2017-10-14 02:57:31
1465,282,2022-01-02 18:54:31
1466,404,2022-09-05 17:13:25
1467,448,2020-02-07 06:16:21
1468,360,2020-10-10 19:45:04
1469,10,2012-01-27 08:12:19
1470,211,2021-08-13 08:11:00
1471,323,2015-02-03 15:23:39
1472,152,2015-11-08 21:17:30
1473,5,2015-09-13 04:52:28
1474,195,2017-11-27 18:23:52
1475,442,2019-12-24 05:33:36
1476,283,2014-05-11 11:47:01
1477,464,2012-02-28 11:59:05
1478,113,2015-12-18 14:16:20
1479,271,2012-05-24 12:52:59
1480,163,2023-08-05 09:45:18
1481,460,2021-08-20 05:52:52
1482,105,2018-07-31 22:57:13
1483,181,2012-01-01 09:53:49
1484,44,2010-07-23 12:23:00
1485,282,2014-11-28 23:38:13
1486,175,2021-11-20 23:17:43
1487,162,2022-01-05 16:40:33
1488,471,2012-08-18 18:45:41
1489,351,2021-06-26 16:48:16
1490,434,2020-01-19 21:39:25
1491,340,2015-04-05 22:30:33
1492,140,2014-04-11 23:41:22
1493,471,2013-12-27 00:01:50
1494,132,2020-12-02 21:21:41
1495,87,2014-03-18 22:05:04
1496,176,2014-03-25 07:02:35
1497,183,2022-12-13 00:30:45
1498,368,2012-04-08 22:17:23
1499,129,2011-05-09 07:34:47
1500,246,2023-08-04 21:26:52
1501,89,2022-02-15 22:39:38
1502,66,2010-05-12 14:00:56
1503,158,2022-01-17 07:42:27
1504,387,2015-09-02 18:31:21
1505,378,2012-08-04 02:23:55
1506,149,2013-01-30 19:36:57
1507,473,2017-02-24 21:21:41
1508,340,2011-09-04 21:14:40
1509,433,2018-06-03 06:27:31
1510,116,2020-11-16 18:56:54
1511,214,2013-04-07 14:50:03
1512,469,2012-05-07 15:11:11
1513,446,2013-02-13 10:23:42
1514,481,2022-11-26 19:11:12
1515,372,2012-11-24 15:10:31
1516,294,2010-11-21 00:35:39
1517,253,2023-10-01 10:11:05
1518,143,2010-01-28 08:26:02
1519,250,2020-04-03 22:30:13
1520,366,2012-04-22 11:21:24
1521,436,2020-05-25 02:47:05
1522,463,2012-09-29 01:41:14
1523,302,2011-01-12 19:40:30
1524,25,2017-10-12 05:13:01
1525,277,2017-09-21 12:29:24
1526,472,2012-02-14 15:02:29
1527,377,2018-03-27 20:24:38
1528,378,2012-05-22 12:47:27
1529,389,2021-03-05 04:21:51
1530,70,2015-11-23 21:11:16
1531,113,2022-06-30 14:05:12
1532,363,2013-02-24 09:19:28
1533,112,2012-06-11 19:44:57
1534,364,2023-05-17 16:47:02
1535,303,2023-05-09 08:36:03
1536,471,2012-04-18 02:43:04
1537,452,2019-08-14 00:17:15
1538,91,2010-03-09 06:56:15
1539,18,2019-04-08 21:31:59
1540,149,2016-10-11 14:20:26
1541,476,2015-03-05 08:31:48
1542,227,2012-12-02 17:16:19
1543,214,2016-08-02 02:00:44
1544,360,2023-07-02 23:34:30
1545,151,2010-07-31 12:32:35
1546,192,2023-03-18 22:04:30
1547,451,2016-11-19 08:24:18
1548,40,2013-03-18 21:53:12
1549,242,2016-05-23 13:20:31
1550,138,2013-03-17 04:53:30
1551,345,2020-11-09 01:06:15
1552,180,2014-07-09 07:14:40
1553,497,2014-02-19 00:07:52
1554,200,2015-08-08 07:00:07
1555,203,2021-04-18 17:47:51
1556,61,2021-03-04 23:03:08
1557,192,2013-02-17 14:23:17
1558,5,2013-09-20 11:19:22
1559,378,2017-03-15 10:54:59
1560,237,2013-04-30 16:12:23
1561,181,2018-12-10 17:00:50
1562,311,2021-08-03 02:31:56
1563,37,2024-01-19 20:34:48
1564,56,2018-06-28 20:22:52
1565,443,2024-01-22 15:55:13
1566,237,2023-05-24 12:49:16
1567,358,2018-02-16 12:32:59
1568,349,2023-06-13 20:43:02
1569,197,2016-05-07 14:24:43
1570,73,2017-11-15 11:07:05
1571,59,2021-03-10 14:51:47
1572,240,2021-04-08 12:04:41
1573,2,2019-03-21 14:15:36
1574,449,2014-10-16 06:45:24
1575,360,2014-03-08 23:05:27
1576,188,2013-07-14 08:18:27
1577,307,2016-01-21 05:29:21
1578,30,2012-08-31 21:10:34
1579,267,2021-12-11 23:43:10
1580,476,2018-05-05 22:03:11
1581,108,2020-04-16 08:19:39
1582,332,2013-08-31 14:22:13
1583,423,2020-11-19 21:18:08
1584,90,2023-08-30 23:31:06
1585,205,2023-09-12 04:55:53
1586,379,2019-08-23 03:09:31
1587,456,2012-02-25 13:38:49
1588,447,2012-11-13 15:35:20
1589,448,2023-03-25 13:28:56
1590,445,2014-04-07 00:25:45
1591,381,2018-11-13 11:26:50
1592,438,2020-08-28 05:37:48
1593,220,2013-07-28 06:21:06
1594,378,2012-12-27 18:31:38
1595,94,2018-04-27 11:29:56
1596,457,2013-09-17 08:37:27
1597,103,2011-06-29 13:28:07
1598,223,2014-04-11 22:40:03
1599,186,2011-10-17 11:18:06
1600,469,2015-04-17 18:52:14
1601,184,2016-09-08 06:43:39
1602,495,2012-06-04 18:47:38
1603,162,2011-05-08 09:05:46
1604,247,2018-02-23 15:58:56
1605,31,2022-12-16 00:43:28
1606,52,2019-11-08 18:53:34
1607,345,2015-10-13 23:35:15
1608,76,2021-11-20 16:50:45
1609,385,2015-07-07 11:45:27
1610,439,2023-08-11 02:11:01
1611,278,2022-12-05 21:25:15
1612,40,2015-04-14 09:43:20
1613,101,2012-01-23 16:05:02
1614,111,2018-04-02 21:07:42
1615,385,2021-04-05 02:24:40
1616,321,2018-11-06 03:42:37
1617,249,2018-06-20 03:20:17
1618,191,2018-11-10 23:13:29
1619,490,2013-01-13 16:33:52
1620,182,2017-07-27 05:30:25
1621,426,2011-01-25 19:22:44
1622,405,2010-10-22 08:58:27
1623,335,2019-11-22 14:46:34
1624,209,2016-01-25 06:43:03
1625,22,2011-04-07 01:19:49
1626,166,2015-07-14 08:00:32
1627,99,2021-04-15 16:15:45
1628,493,2017-01-24 19:01:57
1629,208,2014-01-14 09:25:46
1630,8,2011-07-06 04:51:45
1631,190,2010-01-31 00:05:16
1632,175,2020-01-31 02:22:49
1633,273,2017-06-08 04:35:32
1634,17,2021-11-19 05:07:57
1635,90,2020-05-17 20:55:32
1636,141,2013-05-13 00:47:33
1637,145,2017-04-21 11:13:01
1638,166,2017-10-02 18:28:37
1639,337,2011-06-24 13:44:29
1640,496,2021-07-10 17:07:29
1641,78,2016-05-18 09:43:41
1642,429,2016-05-04 08:41:45
1643,262,2017-07-12 08:56:13
1644,163,2017-11-14 01:10:36
1645,366,2021-05-18 16:14:22
1646,14,2015-12-23 06:40:29
1647,239,2018-04-15 02:03:46
1648,72,2015-07-19 16:22:53
1649,445,2019-08-08 15:27:24
1650,143,2021-06-16 21:10:03
1651,310,2013-02-01 03:56:28
1652,283,2016-10-20 11:18:02
1653,269,2016-09-19 03:37:15
1654,241,2022-09-30 08:24:00
1655,415,2011-08-20 11:26:08
1656,245,2015-11-15 15:27:08
1657,163,2013-09-15 17:49:37
1658,60,2012-04-18 00:44:14
1659,6,2014-08-23 19:18:03
1660,197,2021-08-27 12:57:41
1661,470,2019-10-16 10:42:23
1662,58,2011-07-28 14:08:03
1663,305,2020-05-27 08:18:42
1664,407,2014-04-24 12:38:15
1665,217,2021-10-21 00:20:15
1666,418,2020-08-14 09:30:34
1667,26,2013-01-25 10:55:57
1668,303,2019-06-19 20:11:36
1669,5,2022-10-23 14:31:39
1670,474,2011-04-20 07:47:22
1671,20,2021-06-05 20:19:48
1672,390,2018-06-09 19:58:16
1673,198,2016-01-16 12:14:09
1674,59,2022-09-25 22:32:50
1675,448,2016-12-14 23:16:38
1676,242,2019-12-12 21:42:14
1677,146,2022-02-09 01:52:37
1678,388,2011-10-10 16:52:33
1679,273,2011-12-07 09:23:17
1680,249,2018-11-11 12:26:43
1681,14,2020-10-21 13:53:47
1682,462,2015-10-19 09:57:06
1683,13,2014-06-24 09:47:38
1684,391,2019-05-09 04:11:13
1685,384,2019-12-24 07:36:48
1686,44,2021-08-03 02:43:54
1687,375,2012-10-01 10:36:26
1688,399,2012-12-02 18:20:36
1689,19,2020-08-08 06:29:35
1690,63,2023-12-04 18:04:49
1691,491,2022-07-12 23:07:13
1692,239,2010-12-30 09:25:10
1693,492,2012-06-03 12:48:07
1694,419,2014-12-28 22:43:24
1695,337,2023-11-14 11:33:27
1696,419,2013-02-21 18:18:05
1697,403,2022-09-14 12:26:07
1698,404,2018-03-02 14:42:43
1699,100,2012-02-16 05:38:08
1700,163,2021-04-30 14:48:10
1701,416,2015-08-30 23:17:58
1702,122,2014-04-08 08:37:36
1703,432,2015-02-18 01:32:42
1704,44,2021-08-04 17:07:31
1705,360,2018-11-10 09:48:07
1706,408,2011-11-07 00:27:29
1707,317,2012-12-11 01:54:29
1708,381,2024-01-11 08:30:35
1709,145,2011-08-25 15:34:32
1710,327,2021-08-16 15:30:44
1711,363,2011-03-26 07:18:33
1712,50,2014-09-08 01:40:51
1713,65,2010-04-09 16:50:35
1714,355,2016-12-19 20:54:23
1715,288,2017-01-28 10:51:07
1716,164,2017-06-14 19:01:18
1717,141,2011-04-11 11:19:06
1718,454,2016-04-08 11:49:40
1719,314,2023-03-19 16:01:27
1720,128,2017-11-27 03:16:57
1721,398,2019-10-03 17:38:03
1722,421,2017-03-14 01:59:03
1723,368,2023-05-06 16:45:53
1724,463,2011-12-31 22:14:14
1725,239,2017-12-06 21:18:39
1726,324,2022-12-26 07:46:34
1727,296,2010-07-09 22:43:33
1728,187,2017-04-23 13:00:20
1729,208,2013-12-21 00:53:12
1730,220,2013-10-12 04:13:16
1731,400,2012-09-03 10:46:03
1732,190,2015-02-04 20:31:08
1733,388,2010-01-23 00:15:40
1734,429,2013-08-04 12:15:31
1735,346,2015-04-17 23:32:24
1736,284,2013-12-03 00:07:17
1737,352,2013-02-09 05:09:11
1738,237,2016-01-23 15:34:50
1739,194,2020-11-13 05:09:53
1740,287,2016-02-11 13:16:15
1741,259,2011-09-25 07:50:48
1742,246,2011-07-02 04:58:04
1743,136,2011-06-04 03:45:06
1744,280,2012-05-17 20:25:55
1745,271,2022-05-07 19:12:19
1746,171,2010-08-01 00:19:00
1747,159,2014-06-10 10:43:41
1748,201,2015-11-29 17:45:06
1749,487,2017-11-08 10:16:02
1750,45,2020-05-02 10:20:32
1751,450,2019-06-11 04:04:54
1752,264,2020-06-30 18:50:02
1753,71,2013-06-23 23:52:57
1754,364,2015-02-10 13:48:01
1755,371,2010-02-19 18:41:55
1756,103,2011-07-17 21:04:28
1757,490,2018-09-21 03:17:39
1758,125,2020-01-19 16:03:00
1759,313,2015-07-12 10:20:01
1760,464,2014-04-22 09:20:03
1761,483,2023-03-29 09:37:04
1762,286,2013-09-15 22:17:36
1763,458,2019-01-24 08:28:41
1764,230,2010-04-28 02:21:13
1765,146,2015-11-20 10:14:04
1766,370,2023-07-11 19:42:11
1767,197,2023-11-09 16:31:47
1768,373,2013-09-29 23:40:06
1769,221,2010-10-24 04:03:21
1770,423,2022-03-23 18:51:38
1771,60,2023-01-17 20:49:14
1772,98,2010-03-30 02:17:12
1773,171,2015-04-20 05:15:20
1774,382,2014-11-26 12:07:21
1775,173,2021-01-25 10:38:56
1776,151,2016-11-01 12:54:40
1777,453,2013-02-26 04:20:37
1778,350,2017-06-04 16:36:07
1779,390,2014-06-03 12:39:08
1780,440,2023-08-06 13:39:52
1781,122,2020-04-09 02:18:04
1782,494,2017-09-03 16:43:47
1783,108,2021-02-09 11:11:00
1784,4,2022-10-25 17:08:15
1785,93,2018-05-21 20:35:22
1786,407,2018-08-14 21:14:31
1787,6,2020-11-25 05:42:10
1788,288,2017-02-22 21:07:32
1789,106,2012-04-10 01:56:50
1790,146,2020-05-22 19:17:31
1791,271,2011-03-13 06:28:41
1792,424,2022-03-16 00:08:18
1793,378,2014-06-04 09:19:14
1794,96,2012-07-24 06:23:40
1795,457,2024-01-10 15:54:35
1796,229,2017-07-02 04:17:10
1797,202,2012-08-07 04:23:10
1798,212,2013-11-30 13:07:02
1799,6,2019-09-23 02:56:06
1800,112,2023-01-17 16:58:01
1801,376,2012-05-22 19:46:47
1802,379,2013-07-13 13:43:32
1803,447,2016-01-19 12:31:16
1804,323,2011-10-14 14:53:01
1805,106,2014-02-18 11:26:59
1806,139,2019-12-16 20:16:22
1807,299,2023-10-17 10:14:01
1808,401,2011-11-22 08:20:35
1809,96,2016-01-22 09:27:13
1810,388,2020-11-04 22:04:35
1811,447,2020-10-25 00:31:40
1812,452,2022-05-28 02:41:32
1813,337,2010-09-21 21:58:31
1814,297,2018-04-28 01:58:00
1815,467,2016-03-21 11:52:15
1816,389,2021-02-06 14:28:34
1817,416,2022-10-07 22:42:55
1818,214,2014-06-19 23:24:29
1819,454,2021-03-04 00:15:23
1820,291,2011-07-03 22:10:53
1821,22,2019-09-08 07:08:40
1822,193,2019-05-24 09:15:47
1823,468,2016-02-27 23:34:17
1824,150,2018-12-15 03:59:10
1825,368,2010-08-12 12:36:50
1826,247,2010-12-11 00:24:04
1827,267,2021-07-27 11:48:16
1828,461,2014-09-07 15:12:02
1829,251,2022-12-09 02:41:50
1830,490,2018-04-15 06:58:31
1831,3,2020-06-12 02:27:38
1832,393,2021-09-06 10:19:19
1833,316,2016-06-26 06:14:22
1834,76,2021-03-09 17:43:24
1835,87,2023-11-06 23:32:51
1836,270,2019-05-05 00:31:29
1837,225,2013-04-03 09:14:04
1838,18,2012-11-16 00:30:15
1839,113,2023-12-19 09:40:39
1840,251,2014-01-13 22:38:33
1841,233,2020-03-06 17:23:15
1842,329,2013-08-15 01:09:22
1843,279,2012-02-18 10:23:29
1844,202,2010-02-13 21:33:44
1845,83,2022-01-07 02:25:52
1846,125,2015-04-28 09:37:26
1847,175,2016-03-07 00:13:40
1848,69,2014-06-03 05:07:03
1849,47,2015-06-13 20:41:23
1850,372,2016-11-01 20:33:26
1851,256,2017-08-16 06:30:04
1852,215,2015-02-11 16:03:16
1853,30,2012-04-16 07:46:38
1854,281,2010-05-23 12:13:49
1855,412,2016-05-10 11:53:24
1856,482,2012-02-12 19:59:57
1857,237,2014-05-11 19:21:12
1858,248,2010-01-01 13:52:56
1859,368,2022-04-23 08:29:48
1860,495,2015-08-29 05:58:16
1861,25,2018-05-07 18:40:59
1862,74,2013-01-23 23:41:41
1863,206,2017-06-08 21:23:48
1864,490,2023-05-10 23:35:20
1865,494,2023-05-08 11:48:25
1866,314,2020-04-14 02:53:27
1867,94,2023-10-06 23:13:10
1868,375,2020-09-11 03:39:18
1869,127,2017-05-18 05:35:33
1870,425,2011-05-17 14:33:56
1871,25,2017-05-05 11:55:40
1872,334,2018-07-03 23:50:43
1873,355,2011-01-20 11:29:03
1874,116,2010-03-15 06:20:34
1875,48,2017-01-24 00:14:13
1876,226,2018-12-31 18:41:07
1877,266,2022-07-02 15:57:15
1878,99,2018-03-06 19:38:51
1879,459,2023-07-07 21:44:05
1880,11,2015-03-07 08:04:14
1881,85,2012-02-17 05:58:59
1882,405,2015-07-29 07:58:32
1883,214,2023-05-25 18:02:44
1884,173,2011-03-27 19:39:56
1885,391,2016-06-25 15:50:46
1886,209,2017-03-16 05:01:37
1887,448,2012-11-11 22:39:25
1888,382,2020-03-31 22:35:41
1889,64,2019-04-05 15:04:04
1890,258,2021-12-04 16:19:36
1891,332,2010-05-20 20:45:35
1892,121,2019-02-02 15:00:42
1893,298,2012-12-01 17:13:22
1894,466,2017-09-15 07:05:49
1895,54,2010-01-18 17:17:44
1896,331,2021-11-02 00:57:19
1897,272,2013-09-01 04:54:18
1898,241,2017-09-19 06:00:21
1899,243,2014-03-09 15:33:55
1900,18,2022-12-30 18:08:15
1901,483,2010-07-31 04:22:15
1902,187,2011-09-13 12:39:49
1903,346,2012-06-23 11:43:16
1904,144,2015-10-13 05:52:53
1905,262,2022-05-03 15:09:08
1906,441,2013-05-07 22:40:07
1907,364,2014-11-26 06:40:48
1908,491,2010-10-10 20:03:27
1909,431,2020-09-05 01:26:18
1910,239,2015-05-17 01:12:22
1911,304,2016-01-21 22:56:30
1912,298,2010-07-10 09:00:25
1913,76,2021-06-23 14:40:09
1914,188,2012-10-24 13:54:39
1915,333,2015-10-05 19:17:14
1916,388,2012-08-03 11:18:57
1917,487,2014-03-03 17:03:58
1918,246,2012-05-24 17:12:29
1919,130,2021-05-27 08:49:12
1920,474,2012-07-25 21:02:08
1921,315,2020-07-05 17:10:34
1922,411,2010-06-20 16:59:11
1923,283,2015-10-10 19:46:17
1924,79,2012-02-01 20:47:52
1925,72,2023-10-28 06:29:23
1926,263,2020-02-06 22:20:31
1927,191,2016-05-03 12:08:19
1928,367,2010-12-22 21:36:46
1929,375,2022-03-04 07:11:20
1930,430,2010-09-03 15:17:14
1931,63,2011-03-24 15:43:16
1932,488,2018-03-07 04:11:16
1933,380,2023-12-15 02:18:13
1934,12,2014-03-08 16:31:44
1935,141,2011-11-20 17:00:48
1936,254,2021-05-13 07:05:34
1937,43,2011-03-18 22:51:04
1938,17,2016-05-29 19:38:26
1939,63,2023-04-05 18:34:56
1940,253,2017-11-19 11:03:04
1941,465,2020-01-18 07:06:38
1942,376,2020-07-19 20:38:47
1943,292,2014-08-19 09:24:17
1944,469,2019-10-30 13:08:55
1945,8,2017-07-06 19:05:50
1946,325,2022-02-27 10:50:07
1947,90,2023-05-16 06:54:30
1948,208,2021-10-20 16:23:22
1949,292,2017-04-14 09:35:01
1950,284,2016-04-05 09:36:00
1951,118,2019-06-22 14:35:02
1952,349,2010-01-07 05:26:17
1953,175,2023-09-04 11:18:20
1954,76,2022-11-16 19:04:24
1955,101,2013-04-11 14:31:44
1956,414,2014-03-14 22:54:25
1957,151,2017-10-08 00:14:50
1958,400,2017-01-23 17:30:16
1959,270,2019-07-24 16:18:36
1960,458,2012-05-03 13:08:24
1961,71,2022-12-23 11:22:52
1962,493,2022-01-12 01:22:13
1963,180,2021-08-26 17:14:45
1964,124,2015-06-19 16:16:19
1965,381,2014-05-26 22:45:08
1966,293,2020-05-14 10:11:10
1967,285,2012-01-02 16:37:04
1968,195,2023-11-22 06:27:23
1969,399,2016-04-08 10:05:35
1970,228,2018-06-13 15:43:42
1971,431,2018-03-18 17:35:40
1972,430,2019-10-24 15:31:02
1973,436,2016-09-17 04:51:11
1974,275,2018-06-09 05:49:04
1975,461,2010-10-02 06:52:50
1976,106,2015-03-06 17:55:26
1977,21,2010-11-28 16:46:27
1978,64,2014-12-05 19:01:51
1979,165,2011-09-01 07:38:07
1980,27,2014-04-19 11:06:43
1981,311,2011-04-11 01:00:01
1982,500,2012-03-09 10:33:20
1983,285,2013-06-06 08:54:42
1984,148,2014-05-19 05:48:26
1985,281,2022-02-11 01:57:07
1986,326,2011-07-22 14:10:47
1987,319,2016-06-21 14:12:29
1988,164,2020-09-17 04:29:45
1989,386,2022-12-19 06:09:17
1990,406,2022-09-11 21:05:37
1991,224,2018-07-12 21:53:00
1992,272,2023-04-10 11:07:34
1993,146,2018-01-10 22:38:15
1994,453,2020-11-14 09:49:46
1995,438,2010-02-24 01:53:32
1996,356,2019-02-19 22:59:30
1997,30,2021-01-19 03:14:13
1998,45,2016-04-27 01:31:36
1999,275,2014-09-01 14:12:48
2000,471,2022-07-12 02:21:36
