order_item_id,order_id,product_id,quantity
1,1,34,2
2,1,653,1
3,1,427,3
4,2,830,3
5,2,886,4
6,2,221,4
7,3,868,4
8,3,534,3
9,3,692,1
10,4,948,4
11,4,367,2
12,4,932,4
13,5,841,3
14,5,743,4
15,5,915,1
16,6,550,4
17,6,582,3
18,6,116,3
19,7,239,2
20,7,335,3
21,7,441,2
22,8,148,1
23,8,9,3
24,8,288,4
25,9,388,1
26,9,50,4
27,9,850,4
28,10,517,4
29,10,916,1
30,10,855,1
31,11,638,3
32,11,587,4
33,11,677,2
34,12,278,3
35,12,954,1
36,12,836,2
37,13,989,1
38,13,300,2
39,13,802,3
40,14,589,2
41,14,810,3
42,14,649,1
43,15,618,2
44,15,607,4
45,15,135,4
46,16,580,1
47,16,147,2
48,16,490,4
49,17,478,3
50,17,159,2
51,17,384,2
52,18,163,4
53,18,441,3
54,18,853,3
55,19,189,3
56,19,415,2
57,19,339,1
58,20,607,2
59,20,181,2
60,20,288,4
61,21,834,1
62,21,187,3
63,21,884,4
64,22,138,2
65,22,130,1
66,22,194,3
67,23,316,3
68,23,984,2
69,23,785,3
70,24,864,3
71,24,144,1
72,24,16,4
73,25,302,1
74,25,423,4
75,25,245,4
76,26,927,4
77,26,107,3
78,26,88,1
79,27,129,3
80,27,907,2
81,27,887,1
82,28,341,4
83,28,4,3
84,28,327,3
85,29,410,1
86,29,879,1
87,29,306,4
88,30,908,4
89,30,607,2
90,30,721,4
91,31,225,3
92,31,971,2
93,31,348,2
94,32,992,2
95,32,321,1
96,32,559,4
97,33,988,2
98,33,181,1
99,33,618,1
100,34,711,2
101,34,386,2
102,34,618,3
103,35,792,2
104,35,772,3
105,35,108,2
106,36,531,2
107,36,410,4
108,36,971,2
109,37,296,2
110,37,818,3
111,37,171,3
112,38,331,4
113,38,493,2
114,38,195,2
115,39,12,3
116,39,195,1
117,39,490,1
118,40,795,1
119,40,881,3
120,40,182,3
121,41,962,1
122,41,817,1
123,41,656,2
124,42,898,3
125,42,316,3
126,42,694,1
127,43,30,1
128,43,596,4
129,43,678,3
130,44,796,4
131,44,793,2
132,44,96,4
133,45,381,1
134,45,778,3
135,45,444,3
136,46,298,4
137,46,808,4
138,46,737,2
139,47,845,2
140,47,361,1
141,47,374,1
142,48,554,1
143,48,303,4
144,48,421,4
145,49,246,3
146,49,720,1
147,49,237,4
148,50,534,3
149,50,185,1
150,50,468,2
151,51,754,2
152,51,363,4
153,51,283,3
154,52,553,2
155,52,336,3
156,52,162,3
157,53,160,2
158,53,474,3
159,53,601,2
160,54,322,4
161,54,12,1
162,54,424,1
163,55,73,4
164,55,588,2
165,55,858,2
166,56,201,2
167,56,522,2
168,56,864,4
169,57,505,1
170,57,738,3
171,57,688,3
172,58,788,1
173,58,39,4
174,58,60,3
175,59,578,1
176,59,321,4
177,59,435,3
178,60,636,2
179,60,676,2
180,60,408,4
181,61,923,2
182,61,386,4
183,61,671,1
184,62,569,1
185,62,78,3
186,62,194,4
187,63,285,3
188,63,527,3
189,63,524,1
190,64,613,3
191,64,156,2
192,64,340,3
193,65,125,4
194,65,871,2
195,65,280,1
196,66,917,4
197,66,906,2
198,66,622,4
199,67,846,2
200,67,869,4
201,67,658,4
202,68,728,2
203,68,910,1
204,68,674,1
205,69,128,4
206,69,314,4
207,69,332,1
208,70,150,1
209,70,454,3
210,70,36,1
211,71,685,4
212,71,420,2
213,71,22,1
214,72,206,3
215,72,639,3
216,72,848,3
217,73,957,2
218,73,356,1
219,73,440,1
220,74,729,1
221,74,96,2
222,74,929,2
223,75,941,4
224,75,164,3
225,75,148,3
226,76,530,1
227,76,294,2
228,76,195,2
229,77,663,1
230,77,480,1
231,77,877,4
232,78,123,3
233,78,400,3
234,78,699,3
235,79,965,4
236,79,452,1
237,79,661,1
238,80,104,3
239,80,755,3
240,80,462,4
241,81,743,2
242,81,991,2
243,81,718,3
244,82,710,4
245,82,396,3
246,82,912,2
247,83,337,3
248,83,599,2
249,83,142,2
250,84,317,2
251,84,711,1
252,84,558,1
253,85,800,3
254,85,527,2
255,85,556,1
256,86,401,3
257,86,681,3
258,86,310,3
259,87,495,3
260,87,556,3
261,87,610,4
262,88,773,2
263,88,109,3
264,88,795,4
265,89,372,2
266,89,855,1
267,89,616,3
268,90,768,4
269,90,891,1
270,90,206,4
271,91,847,2
272,91,43,2
273,91,865,1
274,92,245,4
275,92,287,3
276,92,355,3
277,93,785,1
278,93,476,1
279,93,83,1
280,94,110,4
281,94,950,3
282,94,190,3
283,95,983,3
284,95,800,1
285,95,936,3
286,96,909,2
287,96,251,1
288,96,724,3
289,97,291,4
290,97,645,1
291,97,201,2
292,98,797,2
293,98,326,4
294,98,511,4
295,99,409,1
296,99,607,1
297,99,790,2
298,100,962,4
299,100,941,1
300,100,837,2
301,101,508,4
302,101,731,2
303,101,601,3
304,102,72,4
305,102,247,1
306,102,641,1
307,103,724,3
308,103,940,4
309,103,855,2
310,104,608,1
311,104,587,3
312,104,935,3
313,105,566,4
314,105,344,4
315,105,971,1
316,106,925,3
317,106,54,2
318,106,730,3
319,107,528,2
320,107,611,2
321,107,532,1
322,108,558,3
323,108,963,2
324,108,193,4
325,109,895,2
326,109,58,4
327,109,437,4
328,110,111,3
329,110,129,4
330,110,849,2
331,111,706,4
332,111,925,3
333,111,852,1
334,112,326,2
335,112,8,2
336,112,29,3
337,113,112,3
338,113,947,3
339,113,673,3
340,114,131,2
341,114,188,1
342,114,675,4
343,115,709,4
344,115,475,1
345,115,364,1
346,116,204,1
347,116,212,3
348,116,621,2
349,117,276,2
350,117,73,2
351,117,679,3
352,118,772,2
353,118,243,3
354,118,787,2
355,119,102,1
356,119,987,4
357,119,685,4
358,120,171,3
359,120,653,2
360,120,909,4
361,121,188,1
362,121,441,1
363,121,86,1
364,122,476,3
365,122,52,3
366,122,111,2
367,123,949,1
368,123,877,2
369,123,854,2
370,124,43,1
371,124,211,2
372,124,968,4
373,125,200,3
374,125,810,2
375,125,858,1
376,126,752,3
377,126,627,3
378,126,26,2
379,127,919,4
380,127,299,2
381,127,77,4
382,128,924,3
383,128,137,2
384,128,20,1
385,129,440,2
386,129,211,4
387,129,752,4
388,130,551,2
389,130,435,4
390,130,780,3
391,131,207,2
392,131,991,4
393,131,439,2
394,132,974,2
395,132,779,1
396,132,666,2
397,133,42,1
398,133,411,4
399,133,523,1
400,134,806,1
401,134,610,1
402,134,427,3
403,135,275,1
404,135,448,2
405,135,902,1
406,136,942,2
407,136,884,1
408,136,742,3
409,137,369,4
410,137,938,1
411,137,220,1
412,138,577,3
413,138,867,1
414,138,232,2
415,139,328,1
416,139,443,1
417,139,52,4
418,140,886,4
419,140,943,1
420,140,376,3
421,141,263,4
422,141,267,1
423,141,359,4
424,142,317,1
425,142,324,4
426,142,921,4
427,143,908,2
428,143,666,1
429,143,870,1
430,144,878,1
431,144,652,1
432,144,939,4
433,145,563,2
434,145,629,2
435,145,421,3
436,146,46,1
437,146,821,3
438,146,600,4
439,147,720,3
440,147,889,1
441,147,269,2
442,148,601,2
443,148,381,1
444,148,118,4
445,149,566,1
446,149,953,4
447,149,116,2
448,150,630,4
449,150,260,1
450,150,75,1
451,151,480,1
452,151,305,4
453,151,7,4
454,152,366,4
455,152,634,2
456,152,523,3
457,153,348,3
458,153,438,1
459,153,215,2
460,154,429,4
461,154,791,1
462,154,498,2
463,155,540,1
464,155,747,2
465,155,367,2
466,156,313,3
467,156,538,1
468,156,921,4
469,157,54,3
470,157,541,3
471,157,467,4
472,158,865,2
473,158,164,4
474,158,782,1
475,159,334,4
476,159,547,2
477,159,798,4
478,160,348,2
479,160,273,2
480,160,963,1
481,161,720,4
482,161,750,4
483,161,414,1
484,162,500,2
485,162,93,4
486,162,685,1
487,163,79,2
488,163,622,1
489,163,217,4
490,164,947,1
491,164,358,3
492,164,618,2
493,165,507,3
494,165,559,3
495,165,181,2
496,166,576,2
497,166,246,1
498,166,244,2
499,167,506,3
500,167,422,3
501,167,320,4
502,168,87,2
503,168,217,3
504,168,490,4
505,169,519,4
506,169,278,1
507,169,849,3
508,170,722,1
509,170,169,3
510,170,330,1
511,171,650,1
512,171,441,2
513,171,391,1
514,172,496,2
515,172,381,4
516,172,306,3
517,173,742,4
518,173,987,3
519,173,820,4
520,174,673,3
521,174,513,1
522,174,748,3
523,175,949,3
524,175,188,4
525,175,930,4
526,176,516,4
527,176,913,2
528,176,644,2
529,177,427,3
530,177,502,3
531,177,730,1
532,178,260,1
533,178,513,3
534,178,71,2
535,179,478,3
536,179,178,1
537,179,457,2
538,180,189,2
539,180,291,1
540,180,520,3
541,181,765,4
542,181,920,3
543,181,979,3
544,182,292,1
545,182,946,2
546,182,756,1
547,183,635,3
548,183,811,4
549,183,283,4
550,184,544,4
551,184,846,1
552,184,377,2
553,185,658,1
554,185,156,4
555,185,508,3
556,186,413,2
557,186,528,1
558,186,355,1
559,187,559,2
560,187,763,2
561,187,187,3
562,188,31,2
563,188,260,3
564,188,421,4
565,189,529,4
566,189,551,1
567,189,304,4
568,190,942,4
569,190,986,3
570,190,944,1
571,191,39,2
572,191,489,1
573,191,644,4
574,192,542,2
575,192,670,1
576,192,278,1
577,193,203,1
578,193,66,1
579,193,108,3
580,194,268,1
581,194,222,4
582,194,804,4
583,195,530,3
584,195,90,2
585,195,693,2
586,196,255,4
587,196,455,4
588,196,253,3
589,197,257,2
590,197,383,2
591,197,442,1
592,198,858,1
593,198,599,1
594,198,90,3
595,199,749,4
596,199,390,3
597,199,582,2
598,200,44,4
599,200,712,1
600,200,664,3
601,201,598,3
602,201,19,1
603,201,101,3
604,202,914,1
605,202,607,2
606,202,766,4
607,203,357,2
608,203,542,2
609,203,761,1
610,204,938,3
611,204,33,2
612,204,970,2
613,205,229,2
614,205,524,3
615,205,630,3
616,206,862,1
617,206,155,2
618,206,423,4
619,207,905,3
620,207,246,1
621,207,405,2
622,208,844,4
623,208,759,3
624,208,541,4
625,209,161,3
626,209,747,1
627,209,702,4
628,210,117,2
629,210,271,2
630,210,770,3
631,211,692,2
632,211,487,4
633,211,885,1
634,212,172,3
635,212,950,4
636,212,274,3
637,213,259,1
638,213,135,3
639,213,683,2
640,214,722,2
641,214,748,3
642,214,422,1
643,215,421,1
644,215,186,2
645,215,929,1
646,216,364,3
647,216,955,4
648,216,607,3
649,217,378,2
650,217,523,2
651,217,580,2
652,218,891,1
653,218,722,3
654,218,196,4
655,219,881,3
656,219,98,4
657,219,605,3
658,220,984,2
659,220,22,4
660,220,450,3
661,221,172,1
662,221,383,1
663,221,134,3
664,222,426,2
665,222,25,4
666,222,503,3
667,223,185,1
668,223,85,4
669,223,567,1
670,224,763,1
671,224,144,3
672,224,863,1
673,225,910,4
674,225,679,2
675,225,412,3
676,226,224,4
677,226,220,3
678,226,179,1
679,227,631,1
680,227,433,4
681,227,265,4
682,228,954,2
683,228,429,4
684,228,662,4
685,229,416,3
686,229,453,1
687,229,727,4
688,230,197,2
689,230,554,4
690,230,53,1
691,231,480,4
692,231,443,3
693,231,330,1
694,232,251,4
695,232,807,3
696,232,890,1
697,233,783,4
698,233,967,3
699,233,925,2
700,234,123,3
701,234,879,2
702,234,387,4
703,235,339,3
704,235,778,2
705,235,348,1
706,236,29,3
707,236,975,4
708,236,35,1
709,237,518,2
710,237,396,3
711,237,623,3
712,238,294,4
713,238,589,1
714,238,349,3
715,239,147,3
716,239,67,1
717,239,904,3
718,240,520,1
719,240,122,1
720,240,340,1
721,241,175,4
722,241,900,1
723,241,691,1
724,242,597,2
725,242,451,2
726,242,557,4
727,243,136,1
728,243,855,2
729,243,16,2
730,244,333,3
731,244,195,1
732,244,496,2
733,245,9,4
734,245,828,3
735,245,334,3
736,246,333,1
737,246,327,1
738,246,15,3
739,247,839,4
740,247,614,1
741,247,226,1
742,248,425,3
743,248,790,3
744,248,408,1
745,249,113,2
746,249,997,1
747,249,428,2
748,250,1,3
749,250,266,2
750,250,491,4
751,251,208,3
752,251,622,1
753,251,712,1
754,252,952,3
755,252,369,3
756,252,985,4
757,253,306,3
758,253,12,1
759,253,345,4
760,254,465,1
761,254,700,2
762,254,666,3
763,255,494,2
764,255,368,1
765,255,846,2
766,256,937,2
767,256,420,1
768,256,889,1
769,257,791,3
770,257,171,2
771,257,134,4
772,258,965,4
773,258,427,1
774,258,25,1
775,259,530,2
776,259,190,1
777,259,141,4
778,260,555,3
779,260,846,3
780,260,796,2
781,261,658,3
782,261,315,1
783,261,444,1
784,262,319,1
785,262,441,1
786,262,92,2
787,263,179,3
788,263,56,4
789,263,155,3
790,264,672,1
791,264,111,4
792,264,137,2
793,265,232,1
794,265,992,1
795,265,468,4
796,266,732,2
797,266,481,4
798,266,68,2
799,267,814,1
800,267,249,3
801,267,994,1
802,268,323,3
803,268,922,3
804,268,904,2
805,269,518,4
806,269,976,2
807,269,792,1
808,270,432,4
809,270,487,3
810,270,606,3
811,271,429,1
812,271,269,4
813,271,709,1
814,272,537,1
815,272,148,2
816,272,118,1
817,273,850,4
818,273,367,1
819,273,850,4
820,274,66,3
821,274,970,1
822,274,813,4
823,275,370,3
824,275,175,4
825,275,831,3
826,276,588,2
827,276,495,1
828,276,973,1
829,277,114,3
830,277,111,2
831,277,761,4
832,278,439,2
833,278,715,4
834,278,147,4
835,279,35,1
836,279,999,3
837,279,309,1
838,280,538,1
839,280,750,1
840,280,14,4
841,281,374,1
842,281,557,4
843,281,428,3
844,282,728,4
845,282,233,4
846,282,705,2
847,283,563,1
848,283,939,1
849,283,887,1
850,284,726,1
851,284,663,2
852,284,440,2
853,285,502,2
854,285,275,2
855,285,850,1
856,286,76,4
857,286,439,3
858,286,732,2
859,287,860,4
860,287,956,2
861,287,699,1
862,288,289,1
863,288,915,4
864,288,540,4
865,289,891,4
866,289,692,1
867,289,253,1
868,290,126,3
869,290,177,4
870,290,37,3
871,291,410,2
872,291,611,3
873,291,610,2
874,292,127,2
875,292,483,3
876,292,168,4
877,293,592,2
878,293,294,4
879,293,845,1
880,294,638,2
881,294,343,1
882,294,310,3
883,295,662,4
884,295,528,3
885,295,540,2
886,296,419,1
887,296,444,2
888,296,685,3
889,297,558,4
890,297,840,4
891,297,236,2
892,298,439,2
893,298,214,1
894,298,85,3
895,299,794,2
896,299,744,1
897,299,85,2
898,300,921,4
899,300,489,1
900,300,65,1
901,301,646,2
902,301,663,3
903,301,627,4
904,302,64,3
905,302,343,1
906,302,939,3
907,303,875,1
908,303,919,3
909,303,352,2
910,304,158,3
911,304,589,1
912,304,491,4
913,305,658,4
914,305,855,4
915,305,463,1
916,306,225,3
917,306,917,4
918,306,313,4
919,307,615,4
920,307,919,2
921,307,859,1
922,308,813,1
923,308,940,1
924,308,466,1
925,309,88,1
926,309,883,2
927,309,303,3
928,310,680,2
929,310,435,4
930,310,682,2
931,311,135,1
932,311,50,2
933,311,432,1
934,312,340,2
935,312,347,1
936,312,646,4
937,313,347,1
938,313,649,2
939,313,245,4
940,314,109,2
941,314,825,4
942,314,799,3
943,315,533,3
944,315,90,3
945,315,296,2
946,316,112,2
947,316,813,4
948,316,589,4
949,317,177,4
950,317,343,4
951,317,660,1
952,318,101,3
953,318,758,1
954,318,629,1
955,319,604,1
956,319,401,1
957,319,28,3
958,320,937,1
959,320,962,4
960,320,537,2
961,321,58,4
962,321,498,2
963,321,297,4
964,322,134,4
965,322,331,2
966,322,249,3
967,323,550,1
968,323,902,4
969,323,941,3
970,324,75,1
971,324,654,3
972,324,834,3
973,325,168,1
974,325,771,4
975,325,503,3
976,326,885,4
977,326,355,4
978,326,225,4
979,327,664,1
980,327,531,2
981,327,146,4
982,328,960,2
983,328,241,2
984,328,884,3
985,329,893,4
986,329,344,4
987,329,749,4
988,330,35,2
989,330,702,1
990,330,1,2
991,331,996,4
992,331,153,4
993,331,429,4
994,332,945,2
995,332,508,4
996,332,126,3
997,333,491,4
998,333,482,1
999,333,345,3
1000,334,912,4
1001,334,738,3
1002,334,221,4
1003,335,915,1
1004,335,919,4
1005,335,723,3
1006,336,25,1
1007,336,528,2
1008,336,182,1
1009,337,499,1
1010,337,841,1
1011,337,641,3
1012,338,42,1
1013,338,915,4
1014,338,481,1
1015,339,930,1
1016,339,848,4
1017,339,748,4
1018,340,872,2
1019,340,439,1
1020,340,402,3
1021,341,546,1
1022,341,345,1
1023,341,893,4
1024,342,45,2
1025,342,646,1
1026,342,21,3
1027,343,634,1
1028,343,70,3
1029,343,864,4
1030,344,873,2
1031,344,48,1
1032,344,491,2
1033,345,551,1
1034,345,287,3
1035,345,10,2
1036,346,542,1
1037,346,756,4
1038,346,274,3
1039,347,956,2
1040,347,600,1
1041,347,756,2
1042,348,381,1
1043,348,329,3
1044,348,479,4
1045,349,15,3
1046,349,516,2
1047,349,191,2
1048,350,168,1
1049,350,521,3
1050,350,621,1
1051,351,137,3
1052,351,154,2
1053,351,388,1
1054,352,209,1
1055,352,272,3
1056,352,143,4
1057,353,611,3
1058,353,889,4
1059,353,820,3
1060,354,69,2
1061,354,247,1
1062,354,261,3
1063,355,788,2
1064,355,79,3
1065,355,658,1
1066,356,623,3
1067,356,770,4
1068,356,605,1
1069,357,525,4
1070,357,772,2
1071,357,938,2
1072,358,621,3
1073,358,330,4
1074,358,189,4
1075,359,95,1
1076,359,617,4
1077,359,8,4
1078,360,67,1
1079,360,496,1
1080,360,191,4
1081,361,366,3
1082,361,768,1
1083,361,521,1
1084,362,990,4
1085,362,117,4
1086,362,267,1
1087,363,611,4
1088,363,485,1
1089,363,509,3
1090,364,298,3
1091,364,909,1
1092,364,164,1
1093,365,376,2
1094,365,653,2
1095,365,268,4
1096,366,549,4
1097,366,74,1
1098,366,508,1
1099,367,73,2
1100,367,308,2
1101,367,199,1
1102,368,130,3
1103,368,758,3
1104,368,824,4
1105,369,572,1
1106,369,791,1
1107,369,615,4
1108,370,808,2
1109,370,832,2
1110,370,487,3
1111,371,853,1
1112,371,151,2
1113,371,669,3
1114,372,206,3
1115,372,986,3
1116,372,179,2
1117,373,197,2
1118,373,735,1
1119,373,89,1
1120,374,799,3
1121,374,434,3
1122,374,788,2
1123,375,748,2
1124,375,183,1
1125,375,209,1
1126,376,493,4
1127,376,130,1
1128,376,665,2
1129,377,13,3
1130,377,634,4
1131,377,871,1
1132,378,732,1
1133,378,106,2
1134,378,375,4
1135,379,582,1
1136,379,707,3
1137,379,698,2
1138,380,99,4
1139,380,594,1
1140,380,587,1
1141,381,886,4
1142,381,852,2
1143,381,192,4
1144,382,325,4
1145,382,979,2
1146,382,726,1
1147,383,827,3
1148,383,956,2
1149,383,467,3
1150,384,894,1
1151,384,367,4
1152,384,318,3
1153,385,144,1
1154,385,384,1
1155,385,216,4
1156,386,361,4
1157,386,324,1
1158,386,15,1
1159,387,217,3
1160,387,492,1
1161,387,951,1
1162,388,547,3
1163,388,183,2
1164,388,270,3
1165,389,945,3
1166,389,467,4
1167,389,870,3
1168,390,612,1
1169,390,519,1
1170,390,542,1
1171,391,467,2
1172,391,305,1
1173,391,985,2
1174,392,144,1
1175,392,111,3
1176,392,232,4
1177,393,691,1
1178,393,584,2
1179,393,722,2
1180,394,732,4
1181,394,592,1
1182,394,500,3
1183,395,595,1
1184,395,554,1
1185,395,273,4
1186,396,703,1
1187,396,173,3
1188,396,973,2
1189,397,7,4
1190,397,155,3
1191,397,522,2
1192,398,546,4
1193,398,548,4
1194,398,921,2
1195,399,518,2
1196,399,920,3
1197,399,914,1
1198,400,215,1
1199,400,134,1
1200,400,285,1
1201,401,126,1
1202,401,921,3
1203,401,439,4
1204,402,849,3
1205,402,686,3
1206,402,152,3
1207,403,331,4
1208,403,538,3
1209,403,383,3
1210,404,115,4
1211,404,894,3
1212,404,482,1
1213,405,284,2
1214,405,899,3
1215,405,75,2
1216,406,166,3
1217,406,189,3
1218,406,78,1
1219,407,947,4
1220,407,602,2
1221,407,688,4
1222,408,21,1
1223,408,566,1
1224,408,184,2
1225,409,871,4
1226,409,222,1
1227,409,827,3
1228,410,328,3
1229,410,179,3
1230,410,788,4
1231,411,112,3
1232,411,736,3
1233,411,726,1
1234,412,59,1
1235,412,327,3
1236,412,905,3
1237,413,621,1
1238,413,897,2
1239,413,669,4
1240,414,191,4
1241,414,200,1
1242,414,312,4
1243,415,708,1
1244,415,35,1
1245,415,379,1
1246,416,387,1
1247,416,758,2
1248,416,237,3
1249,417,616,3
1250,417,519,2
1251,417,283,4
1252,418,1,4
1253,418,731,3
1254,418,464,4
1255,419,230,3
1256,419,967,3
1257,419,172,2
1258,420,87,4
1259,420,553,2
1260,420,123,3
1261,421,843,3
1262,421,298,3
1263,421,885,1
1264,422,929,1
1265,422,690,1
1266,422,575,2
1267,423,484,3
1268,423,165,4
1269,423,699,2
1270,424,383,2
1271,424,209,2
1272,424,739,4
1273,425,432,3
1274,425,389,1
1275,425,560,3
1276,426,224,3
1277,426,3,2
1278,426,372,2
1279,427,687,2
1280,427,446,1
1281,427,611,1
1282,428,116,1
1283,428,270,3
1284,428,447,2
1285,429,368,4
1286,429,253,3
1287,429,317,1
1288,430,415,4
1289,430,95,4
1290,430,785,2
1291,431,892,4
1292,431,24,1
1293,431,628,2
1294,432,663,4
1295,432,850,2
1296,432,50,4
1297,433,502,3
1298,433,718,3
1299,433,498,1
1300,434,335,3
1301,434,79,3
1302,434,582,3
1303,435,27,4
1304,435,271,4
1305,435,562,2
1306,436,804,4
1307,436,247,3
1308,436,776,4
1309,437,591,1
1310,437,387,2
1311,437,702,2
1312,438,559,4
1313,438,973,3
1314,438,361,2
1315,439,866,1
1316,439,984,1
1317,439,488,2
1318,440,352,3
1319,440,701,3
1320,440,928,4
1321,441,256,4
1322,441,222,2
1323,441,884,4
1324,442,753,4
1325,442,781,4
1326,442,1,1
1327,443,546,4
1328,443,446,2
1329,443,79,3
1330,444,236,4
1331,444,334,3
1332,444,889,4
1333,445,349,2
1334,445,98,1
1335,445,82,2
1336,446,502,1
1337,446,967,4
1338,446,477,4
1339,447,927,1
1340,447,704,2
1341,447,765,2
1342,448,921,1
1343,448,550,4
1344,448,14,1
1345,449,392,4
1346,449,347,1
1347,449,310,4
1348,450,386,1
1349,450,209,3
1350,450,357,4
1351,451,974,2
1352,451,601,1
1353,451,568,2
1354,452,94,1
1355,452,93,2
1356,452,340,2
1357,453,597,1
1358,453,445,1
1359,453,757,2
1360,454,22,2
1361,454,291,2
1362,454,485,4
1363,455,784,4
1364,455,306,3
1365,455,634,4
1366,456,128,4
1367,456,625,1
1368,456,939,3
1369,457,273,3
1370,457,848,4
1371,457,442,1
1372,458,503,1
1373,458,130,3
1374,458,132,1
1375,459,597,2
1376,459,935,4
1377,459,482,2
1378,460,862,3
1379,460,390,3
1380,460,593,1
1381,461,999,1
1382,461,985,3
1383,461,325,3
1384,462,69,2
1385,462,660,2
1386,462,448,1
1387,463,528,2
1388,463,819,1
1389,463,617,1
1390,464,165,4
1391,464,488,1
1392,464,713,2
1393,465,709,3
1394,465,426,3
1395,465,697,2
1396,466,834,3
1397,466,265,1
1398,466,875,3
1399,467,612,2
1400,467,342,3
1401,467,832,1
1402,468,726,1
1403,468,278,2
1404,468,674,2
1405,469,439,2
1406,469,157,4
1407,469,422,4
1408,470,251,1
1409,470,878,4
1410,470,609,4
1411,471,530,3
1412,471,327,4
1413,471,961,3
1414,472,895,2
1415,472,97,3
1416,472,513,3
1417,473,216,2
1418,473,132,2
1419,473,260,1
1420,474,125,1
1421,474,82,1
1422,474,283,1
1423,475,683,3
1424,475,59,3
1425,475,544,1
1426,476,161,4
1427,476,284,1
1428,476,106,4
1429,477,105,2
1430,477,439,3
1431,477,228,3
1432,478,700,4
1433,478,582,1
1434,478,318,3
1435,479,464,4
1436,479,802,2
1437,479,599,2
1438,480,882,3
1439,480,874,1
1440,480,472,4
1441,481,56,3
1442,481,625,2
1443,481,13,1
1444,482,440,4
1445,482,18,3
1446,482,694,4
1447,483,973,1
1448,483,113,1
1449,483,229,2
1450,484,171,1
1451,484,295,3
1452,484,189,4
1453,485,426,1
1454,485,977,1
1455,485,79,3
1456,486,658,4
1457,486,919,4
1458,486,182,2
1459,487,499,2
1460,487,798,4
1461,487,762,3
1462,488,866,3
1463,488,826,2
1464,488,708,1
1465,489,835,3
1466,489,71,1
1467,489,248,3
1468,490,146,4
1469,490,618,2
1470,490,775,1
1471,491,296,1
1472,491,582,4
1473,491,470,3
1474,492,506,1
1475,492,193,3
1476,492,68,4
1477,493,494,2
1478,493,817,1
1479,493,52,3
1480,494,882,1
1481,494,363,3
1482,494,797,3
1483,495,917,3
1484,495,474,4
1485,495,846,2
1486,496,521,1
1487,496,763,2
1488,496,431,3
1489,497,844,3
1490,497,298,2
1491,497,435,2
1492,498,696,1
1493,498,691,3
1494,498,198,2
1495,499,128,4
1496,499,532,3
1497,499,984,3
1498,500,411,1
1499,500,934,4
1500,500,840,1
1501,501,65,4
1502,501,694,1
1503,501,241,4
1504,502,369,4
1505,502,536,4
1506,502,384,2
1507,503,431,3
1508,503,967,4
1509,503,83,2
1510,504,982,2
1511,504,831,1
1512,504,697,3
1513,505,951,3
1514,505,828,1
1515,505,611,3
1516,506,574,1
1517,506,286,2
1518,506,989,2
1519,507,534,4
1520,507,459,1
1521,507,212,2
1522,508,126,2
1523,508,413,1
1524,508,499,2
1525,509,425,3
1526,509,554,2
1527,509,610,1
1528,510,961,3
1529,510,543,3
1530,510,158,2
1531,511,112,4
1532,511,402,3
1533,511,759,1
1534,512,122,4
1535,512,273,4
1536,512,294,3
1537,513,398,2
1538,513,471,4
1539,513,985,2
1540,514,207,3
1541,514,110,1
1542,514,440,4
1543,515,278,1
1544,515,963,2
1545,515,568,2
1546,516,887,1
1547,516,915,3
1548,516,569,3
1549,517,940,4
1550,517,482,4
1551,517,803,3
1552,518,114,3
1553,518,893,1
1554,518,897,2
1555,519,820,2
1556,519,853,4
1557,519,477,3
1558,520,710,1
1559,520,933,4
1560,520,321,1
1561,521,179,3
1562,521,897,3
1563,521,219,3
1564,522,789,2
1565,522,949,3
1566,522,528,4
1567,523,492,2
1568,523,891,1
1569,523,61,4
1570,524,54,4
1571,524,680,1
1572,524,538,2
1573,525,848,4
1574,525,988,4
1575,525,65,4
1576,526,612,2
1577,526,586,2
1578,526,704,2
1579,527,171,4
1580,527,273,3
1581,527,889,1
1582,528,699,3
1583,528,535,2
1584,528,391,4
1585,529,940,4
1586,529,693,3
1587,529,327,3
1588,530,108,1
1589,530,847,4
1590,530,162,3
1591,531,814,1
1592,531,452,2
1593,531,206,3
1594,532,590,2
1595,532,16,1
1596,532,327,2
1597,533,608,4
1598,533,659,4
1599,533,2,2
1600,534,10,4
1601,534,434,1
1602,534,125,4
1603,535,81,2
1604,535,485,2
1605,535,652,2
1606,536,838,3
1607,536,150,2
1608,536,800,1
1609,537,873,4
1610,537,340,4
1611,537,129,3
1612,538,438,3
1613,538,751,1
1614,538,501,2
1615,539,58,3
1616,539,198,4
1617,539,211,3
1618,540,914,3
1619,540,902,2
1620,540,45,3
1621,541,97,1
1622,541,279,4
1623,541,535,2
1624,542,410,4
1625,542,461,1
1626,542,391,1
1627,543,847,3
1628,543,44,3
1629,543,27,3
1630,544,794,4
1631,544,97,1
1632,544,975,2
1633,545,548,3
1634,545,621,4
1635,545,567,3
1636,546,704,1
1637,546,219,2
1638,546,185,1
1639,547,69,4
1640,547,829,3
1641,547,130,1
1642,548,567,4
1643,548,890,3
1644,548,609,2
1645,549,848,1
1646,549,599,3
1647,549,806,3
1648,550,631,3
1649,550,720,3
1650,550,334,1
1651,551,925,3
1652,551,154,4
1653,551,547,1
1654,552,79,3
1655,552,579,1
1656,552,855,4
1657,553,413,4
1658,553,546,1
1659,553,609,3
1660,554,169,3
1661,554,681,4
1662,554,663,3
1663,555,583,4
1664,555,515,3
1665,555,314,4
1666,556,32,2
1667,556,287,3
1668,556,594,3
1669,557,43,3
1670,557,903,1
1671,557,617,3
1672,558,1,1
1673,558,573,1
1674,558,270,4
1675,559,180,1
1676,559,736,1
1677,559,518,2
1678,560,103,3
1679,560,10,1
1680,560,583,3
1681,561,90,1
1682,561,226,4
1683,561,670,2
1684,562,740,1
1685,562,917,3
1686,562,126,4
1687,563,956,3
1688,563,209,4
1689,563,97,2
1690,564,74,4
1691,564,627,3
1692,564,191,3
1693,565,682,1
1694,565,819,4
1695,565,960,3
1696,566,716,1
1697,566,56,2
1698,566,720,3
1699,567,553,1
1700,567,32,3
1701,567,527,4
1702,568,574,1
1703,568,667,4
1704,568,284,2
1705,569,721,4
1706,569,832,1
1707,569,494,3
1708,570,187,1
1709,570,498,4
1710,570,442,4
1711,571,130,3
1712,571,639,2
1713,571,292,1
1714,572,114,3
1715,572,199,3
1716,572,13,3
1717,573,271,1
1718,573,601,1
1719,573,215,1
1720,574,444,2
1721,574,790,3
1722,574,512,4
1723,575,447,4
1724,575,986,3
1725,575,993,4
1726,576,715,2
1727,576,74,2
1728,576,537,1
1729,577,101,1
1730,577,176,1
1731,577,427,1
1732,578,117,1
1733,578,166,4
1734,578,41,4
1735,579,429,1
1736,579,344,2
1737,579,424,4
1738,580,366,2
1739,580,120,2
1740,580,609,3
1741,581,657,3
1742,581,728,1
1743,581,229,2
1744,582,825,4
1745,582,130,3
1746,582,352,3
1747,583,889,2
1748,583,318,3
1749,583,984,3
1750,584,649,4
1751,584,836,2
1752,584,337,3
1753,585,273,2
1754,585,117,3
1755,585,818,4
1756,586,368,2
1757,586,94,3
1758,586,168,4
1759,587,954,3
1760,587,715,2
1761,587,341,3
1762,588,661,2
1763,588,914,2
1764,588,695,3
1765,589,925,4
1766,589,152,1
1767,589,586,4
1768,590,877,4
1769,590,913,3
1770,590,274,4
1771,591,554,4
1772,591,496,1
1773,591,724,4
1774,592,101,1
1775,592,557,3
1776,592,82,1
1777,593,529,2
1778,593,73,2
1779,593,14,1
1780,594,433,2
1781,594,157,3
1782,594,735,2
1783,595,132,1
1784,595,338,3
1785,595,404,2
1786,596,376,3
1787,596,888,1
1788,596,559,2
1789,597,107,3
1790,597,620,3
1791,597,265,2
1792,598,205,3
1793,598,79,3
1794,598,155,1
1795,599,783,1
1796,599,988,1
1797,599,997,1
1798,600,247,1
1799,600,531,1
1800,600,858,2
1801,601,948,1
1802,601,538,3
1803,601,729,2
1804,602,154,3
1805,602,154,1
1806,602,686,1
1807,603,92,3
1808,603,433,3
1809,603,338,3
1810,604,480,4
1811,604,693,4
1812,604,131,4
1813,605,450,4
1814,605,993,2
1815,605,810,1
1816,606,787,3
1817,606,273,1
1818,606,929,3
1819,607,588,1
1820,607,177,2
1821,607,696,4
1822,608,831,1
1823,608,643,3
1824,608,875,1
1825,609,49,2
1826,609,567,2
1827,609,666,1
1828,610,355,4
1829,610,712,3
1830,610,308,2
1831,611,868,2
1832,611,885,1
1833,611,630,2
1834,612,775,2
1835,612,46,3
1836,612,302,4
1837,613,868,3
1838,613,912,4
1839,613,408,3
1840,614,189,1
1841,614,822,2
1842,614,830,4
1843,615,129,1
1844,615,561,2
1845,615,537,2
1846,616,266,2
1847,616,118,3
1848,616,464,1
1849,617,144,1
1850,617,442,2
1851,617,200,4
1852,618,157,1
1853,618,487,3
1854,618,860,4
1855,619,134,4
1856,619,912,4
1857,619,148,4
1858,620,336,1
1859,620,71,2
1860,620,233,4
1861,621,334,3
1862,621,811,3
1863,621,666,2
1864,622,90,1
1865,622,334,2
1866,622,199,4
1867,623,161,1
1868,623,538,1
1869,623,121,4
1870,624,301,3
1871,624,724,4
1872,624,575,2
1873,625,963,4
1874,625,436,3
1875,625,68,4
1876,626,765,2
1877,626,922,2
1878,626,459,3
1879,627,514,2
1880,627,398,2
1881,627,620,4
1882,628,286,1
1883,628,561,2
1884,628,140,2
1885,629,730,3
1886,629,556,3
1887,629,929,4
1888,630,781,4
1889,630,590,2
1890,630,728,1
1891,631,894,1
1892,631,610,4
1893,631,748,3
1894,632,282,2
1895,632,661,2
1896,632,924,1
1897,633,816,4
1898,633,996,1
1899,633,936,1
1900,634,578,4
1901,634,746,3
1902,634,457,2
1903,635,87,3
1904,635,79,4
1905,635,205,4
1906,636,791,2
1907,636,337,3
1908,636,254,2
1909,637,304,1
1910,637,380,1
1911,637,130,1
1912,638,596,3
1913,638,276,1
1914,638,699,2
1915,639,558,3
1916,639,899,2
1917,639,183,4
1918,640,268,3
1919,640,808,2
1920,640,322,2
1921,641,512,3
1922,641,612,4
1923,641,78,3
1924,642,784,1
1925,642,339,1
1926,642,674,4
1927,643,556,2
1928,643,509,2
1929,643,238,2
1930,644,134,3
1931,644,973,3
1932,644,192,4
1933,645,356,1
1934,645,278,2
1935,645,18,1
1936,646,524,3
1937,646,180,3
1938,646,123,3
1939,647,246,1
1940,647,734,4
1941,647,373,4
1942,648,51,3
1943,648,1000,2
1944,648,71,1
1945,649,480,3
1946,649,560,1
1947,649,19,1
1948,650,774,4
1949,650,84,3
1950,650,155,4
1951,651,565,3
1952,651,619,1
1953,651,357,4
1954,652,816,1
1955,652,647,3
1956,652,443,2
1957,653,69,4
1958,653,523,4
1959,653,143,1
1960,654,192,1
1961,654,387,2
1962,654,378,4
1963,655,581,3
1964,655,535,3
1965,655,693,4
1966,656,293,4
1967,656,9,4
1968,656,271,2
1969,657,387,3
1970,657,93,3
1971,657,966,1
1972,658,529,1
1973,658,154,4
1974,658,405,1
1975,659,840,2
1976,659,149,3
1977,659,889,3
1978,660,267,1
1979,660,422,4
1980,660,840,1
1981,661,618,4
1982,661,472,2
1983,661,893,3
1984,662,547,2
1985,662,631,3
1986,662,526,2
1987,663,503,1
1988,663,14,2
1989,663,778,2
1990,664,652,1
1991,664,806,3
1992,664,364,3
1993,665,119,1
1994,665,238,2
1995,665,546,2
1996,666,169,2
1997,666,522,4
1998,666,634,3
1999,667,913,2
2000,667,657,3
2001,667,963,2
2002,668,958,1
2003,668,735,1
2004,668,883,3
2005,669,769,3
2006,669,780,1
2007,669,871,4
2008,670,516,1
2009,670,938,2
2010,670,397,4
2011,671,866,1
2012,671,106,4
2013,671,85,4
2014,672,214,4
2015,672,121,3
2016,672,132,1
2017,673,850,3
2018,673,197,3
2019,673,19,2
2020,674,642,2
2021,674,12,4
2022,674,81,4
2023,675,330,2
2024,675,866,2
2025,675,774,1
2026,676,392,4
2027,676,637,4
2028,676,307,2
2029,677,267,1
2030,677,447,2
2031,677,441,2
2032,678,895,3
2033,678,652,4
2034,678,841,1
2035,679,2,3
2036,679,520,4
2037,679,762,2
2038,680,651,1
2039,680,636,4
2040,680,309,2
2041,681,740,3
2042,681,522,1
2043,681,469,4
2044,682,212,3
2045,682,112,2
2046,682,8,2
2047,683,804,4
2048,683,477,2
2049,683,874,1
2050,684,460,4
2051,684,253,3
2052,684,526,4
2053,685,752,4
2054,685,438,3
2055,685,754,2
2056,686,981,3
2057,686,854,1
2058,686,661,2
2059,687,236,4
2060,687,306,2
2061,687,478,2
2062,688,679,1
2063,688,20,2
2064,688,216,2
2065,689,855,2
2066,689,135,4
2067,689,905,2
2068,690,129,3
2069,690,410,2
2070,690,422,1
2071,691,294,2
2072,691,246,2
2073,691,701,4
2074,692,556,3
2075,692,86,2
2076,692,556,3
2077,693,842,1
2078,693,375,4
2079,693,446,3
2080,694,378,4
2081,694,390,2
2082,694,657,1
2083,695,51,4
2084,695,242,2
2085,695,294,3
2086,696,920,1
2087,696,563,1
2088,696,266,3
2089,697,120,3
2090,697,712,1
2091,697,917,4
2092,698,248,1
2093,698,70,3
2094,698,853,4
2095,699,57,2
2096,699,382,1
2097,699,39,3
2098,700,984,2
2099,700,801,1
2100,700,443,1
2101,701,18,4
2102,701,952,3
2103,701,732,2
2104,702,825,1
2105,702,756,4
2106,702,352,2
2107,703,972,2
2108,703,816,1
2109,703,298,2
2110,704,283,1
2111,704,586,4
2112,704,110,4
2113,705,180,2
2114,705,938,1
2115,705,544,3
2116,706,746,4
2117,706,794,1
2118,706,25,1
2119,707,843,1
2120,707,791,2
2121,707,738,3
2122,708,57,2
2123,708,180,4
2124,708,232,2
2125,709,894,1
2126,709,343,2
2127,709,477,1
2128,710,799,3
2129,710,576,2
2130,710,455,2
2131,711,232,2
2132,711,289,1
2133,711,213,1
2134,712,258,2
2135,712,530,2
2136,712,687,3
2137,713,929,3
2138,713,229,4
2139,713,226,3
2140,714,596,3
2141,714,803,3
2142,714,435,1
2143,715,882,3
2144,715,758,3
2145,715,402,2
2146,716,622,1
2147,716,766,4
2148,716,88,4
2149,717,584,3
2150,717,893,4
2151,717,542,4
2152,718,684,4
2153,718,309,3
2154,718,906,4
2155,719,343,3
2156,719,436,2
2157,719,177,2
2158,720,139,4
2159,720,194,2
2160,720,186,3
2161,721,218,2
2162,721,164,4
2163,721,161,3
2164,722,943,1
2165,722,525,3
2166,722,808,2
2167,723,601,1
2168,723,836,3
2169,723,42,1
2170,724,915,1
2171,724,210,1
2172,724,741,3
2173,725,862,2
2174,725,275,3
2175,725,954,2
2176,726,279,3
2177,726,251,3
2178,726,310,3
2179,727,720,2
2180,727,833,3
2181,727,140,1
2182,728,792,3
2183,728,546,1
2184,728,821,4
2185,729,904,4
2186,729,530,2
2187,729,57,2
2188,730,112,4
2189,730,5,3
2190,730,410,3
2191,731,414,3
2192,731,182,4
2193,731,13,1
2194,732,339,2
2195,732,797,1
2196,732,259,4
2197,733,90,1
2198,733,616,3
2199,733,891,3
2200,734,698,1
2201,734,250,4
2202,734,255,1
2203,735,588,3
2204,735,898,3
2205,735,971,4
2206,736,108,1
2207,736,668,3
2208,736,594,3
2209,737,589,1
2210,737,485,1
2211,737,982,2
2212,738,972,4
2213,738,258,4
2214,738,639,1
2215,739,997,4
2216,739,903,3
2217,739,282,1
2218,740,986,1
2219,740,88,1
2220,740,204,2
2221,741,16,4
2222,741,151,2
2223,741,936,3
2224,742,254,4
2225,742,188,2
2226,742,329,1
2227,743,544,2
2228,743,783,1
2229,743,997,2
2230,744,397,2
2231,744,517,2
2232,744,459,1
2233,745,330,2
2234,745,820,4
2235,745,845,4
2236,746,169,4
2237,746,693,1
2238,746,366,1
2239,747,178,4
2240,747,655,4
2241,747,362,4
2242,748,760,3
2243,748,639,4
2244,748,775,2
2245,749,40,3
2246,749,924,3
2247,749,416,1
2248,750,355,2
2249,750,255,1
2250,750,143,1
2251,751,752,2
2252,751,740,1
2253,751,853,2
2254,752,710,2
2255,752,577,1
2256,752,900,4
2257,753,11,1
2258,753,620,3
2259,753,26,1
2260,754,957,2
2261,754,421,3
2262,754,663,2
2263,755,221,4
2264,755,853,4
2265,755,496,3
2266,756,237,4
2267,756,237,4
2268,756,219,1
2269,757,487,1
2270,757,936,4
2271,757,461,4
2272,758,663,1
2273,758,635,4
2274,758,144,4
2275,759,990,2
2276,759,189,4
2277,759,255,3
2278,760,68,2
2279,760,616,3
2280,760,336,4
2281,761,671,1
2282,761,821,2
2283,761,874,1
2284,762,409,2
2285,762,300,1
2286,762,908,2
2287,763,602,2
2288,763,357,3
2289,763,256,1
2290,764,353,3
2291,764,732,3
2292,764,521,1
2293,765,524,2
2294,765,837,3
2295,765,950,1
2296,766,756,2
2297,766,694,3
2298,766,284,3
2299,767,312,3
2300,767,99,2
2301,767,197,3
2302,768,482,2
2303,768,878,4
2304,768,226,3
2305,769,845,4
2306,769,615,1
2307,769,618,3
2308,770,365,1
2309,770,368,1
2310,770,570,1
2311,771,590,4
2312,771,75,2
2313,771,42,4
2314,772,422,4
2315,772,836,1
2316,772,181,3
2317,773,545,2
2318,773,71,1
2319,773,568,2
2320,774,105,4
2321,774,200,2
2322,774,101,2
2323,775,768,3
2324,775,307,1
2325,775,586,2
2326,776,683,2
2327,776,377,4
2328,776,655,4
2329,777,678,2
2330,777,399,1
2331,777,773,2
2332,778,221,2
2333,778,595,3
2334,778,182,1
2335,779,307,3
2336,779,522,1
2337,779,396,1
2338,780,4,1
2339,780,863,3
2340,780,914,3
2341,781,848,3
2342,781,1000,4
2343,781,804,3
2344,782,281,4
2345,782,215,4
2346,782,972,4
2347,783,610,2
2348,783,420,2
2349,783,101,2
2350,784,963,4
2351,784,521,4
2352,784,573,1
2353,785,309,4
2354,785,658,2
2355,785,939,4
2356,786,931,4
2357,786,510,1
2358,786,63,4
2359,787,633,3
2360,787,226,1
2361,787,105,4
2362,788,974,4
2363,788,772,1
2364,788,861,4
2365,789,425,2
2366,789,255,3
2367,789,429,3
2368,790,434,2
2369,790,207,4
2370,790,28,4
2371,791,682,3
2372,791,336,4
2373,791,588,3
2374,792,628,3
2375,792,69,2
2376,792,866,3
2377,793,746,4
2378,793,513,4
2379,793,167,1
2380,794,864,4
2381,794,730,1
2382,794,785,3
2383,795,368,4
2384,795,251,2
2385,795,859,2
2386,796,856,2
2387,796,931,3
2388,796,686,3
2389,797,170,1
2390,797,758,2
2391,797,935,1
2392,798,90,1
2393,798,561,4
2394,798,446,4
2395,799,294,2
2396,799,919,3
2397,799,150,4
2398,800,132,3
2399,800,433,1
2400,800,59,1
2401,801,969,1
2402,801,836,1
2403,801,199,2
2404,802,215,1
2405,802,898,4
2406,802,561,1
2407,803,472,3
2408,803,744,4
2409,803,247,3
2410,804,382,3
2411,804,991,2
2412,804,239,2
2413,805,927,3
2414,805,367,3
2415,805,168,1
2416,806,560,4
2417,806,51,1
2418,806,811,2
2419,807,610,2
2420,807,951,1
2421,807,728,4
2422,808,689,3
2423,808,380,1
2424,808,474,2
2425,809,80,4
2426,809,697,2
2427,809,367,4
2428,810,461,4
2429,810,911,4
2430,810,539,1
2431,811,452,1
2432,811,464,1
2433,811,960,4
2434,812,478,4
2435,812,926,2
2436,812,420,3
2437,813,707,1
2438,813,214,4
2439,813,369,2
2440,814,854,2
2441,814,114,2
2442,814,754,1
2443,815,503,1
2444,815,636,3
2445,815,817,2
2446,816,588,1
2447,816,311,2
2448,816,469,4
2449,817,824,2
2450,817,708,3
2451,817,863,1
2452,818,44,4
2453,818,415,1
2454,818,698,4
2455,819,855,2
2456,819,246,2
2457,819,949,3
2458,820,84,3
2459,820,207,4
2460,820,151,3
2461,821,668,3
2462,821,528,3
2463,821,165,3
2464,822,917,2
2465,822,975,3
2466,822,145,2
2467,823,37,2
2468,823,333,1
2469,823,403,2
2470,824,414,2
2471,824,45,3
2472,824,402,2
2473,825,206,4
2474,825,62,3
2475,825,420,3
2476,826,868,3
2477,826,468,1
2478,826,820,3
2479,827,19,2
2480,827,365,4
2481,827,300,3
2482,828,7,3
2483,828,761,4
2484,828,428,3
2485,829,117,1
2486,829,580,2
2487,829,507,4
2488,830,546,4
2489,830,706,1
2490,830,325,2
2491,831,55,1
2492,831,778,2
2493,831,992,1
2494,832,42,3
2495,832,297,1
2496,832,973,4
2497,833,231,4
2498,833,453,4
2499,833,890,1
2500,834,394,4
2501,834,522,4
2502,834,358,3
2503,835,987,3
2504,835,444,2
2505,835,128,2
2506,836,691,2
2507,836,405,1
2508,836,392,2
2509,837,193,1
2510,837,604,1
2511,837,881,2
2512,838,743,2
2513,838,78,1
2514,838,85,3
2515,839,30,4
2516,839,725,4
2517,839,49,4
2518,840,777,3
2519,840,145,1
2520,840,69,2
2521,841,58,1
2522,841,697,1
2523,841,574,2
2524,842,479,3
2525,842,820,4
2526,842,445,4
2527,843,296,1
2528,843,678,3
2529,843,171,4
2530,844,575,3
2531,844,147,2
2532,844,484,1
2533,845,306,1
2534,845,673,3
2535,845,653,4
2536,846,846,3
2537,846,609,2
2538,846,446,4
2539,847,221,4
2540,847,555,3
2541,847,945,2
2542,848,804,4
2543,848,378,1
2544,848,620,2
2545,849,266,4
2546,849,95,3
2547,849,262,4
2548,850,825,1
2549,850,897,2
2550,850,71,4
2551,851,954,1
2552,851,219,4
2553,851,533,4
2554,852,92,2
2555,852,127,3
2556,852,80,3
2557,853,824,1
2558,853,238,1
2559,853,983,1
2560,854,372,2
2561,854,916,3
2562,854,486,1
2563,855,694,1
2564,855,25,4
2565,855,156,4
2566,856,517,1
2567,856,632,4
2568,856,789,4
2569,857,530,4
2570,857,943,2
2571,857,710,1
2572,858,57,1
2573,858,605,4
2574,858,19,2
2575,859,384,4
2576,859,865,2
2577,859,193,1
2578,860,237,4
2579,860,387,1
2580,860,426,2
2581,861,277,3
2582,861,227,2
2583,861,745,3
2584,862,552,1
2585,862,323,1
2586,862,153,4
2587,863,639,3
2588,863,237,2
2589,863,998,1
2590,864,55,3
2591,864,980,2
2592,864,436,3
2593,865,684,2
2594,865,109,2
2595,865,866,2
2596,866,981,2
2597,866,184,3
2598,866,951,3
2599,867,368,4
2600,867,983,3
2601,867,198,3
2602,868,371,4
2603,868,373,3
2604,868,973,2
2605,869,497,1
2606,869,599,1
2607,869,201,4
2608,870,849,3
2609,870,509,3
2610,870,322,4
2611,871,275,1
2612,871,211,2
2613,871,504,3
2614,872,903,4
2615,872,118,2
2616,872,703,4
2617,873,554,4
2618,873,42,4
2619,873,315,1
2620,874,788,1
2621,874,329,4
2622,874,17,3
2623,875,283,2
2624,875,943,3
2625,875,258,1
2626,876,575,2
2627,876,574,4
2628,876,612,3
2629,877,19,3
2630,877,529,4
2631,877,837,3
2632,878,423,1
2633,878,466,4
2634,878,373,3
2635,879,758,4
2636,879,763,2
2637,879,967,4
2638,880,81,3
2639,880,551,1
2640,880,548,4
2641,881,424,4
2642,881,429,3
2643,881,388,1
2644,882,998,1
2645,882,921,2
2646,882,709,2
2647,883,670,3
2648,883,204,1
2649,883,196,1
2650,884,728,2
2651,884,285,2
2652,884,969,3
2653,885,196,1
2654,885,307,4
2655,885,664,2
2656,886,14,3
2657,886,837,1
2658,886,146,1
2659,887,938,2
2660,887,57,3
2661,887,723,4
2662,888,780,2
2663,888,210,3
2664,888,529,1
2665,889,798,4
2666,889,344,3
2667,889,715,4
2668,890,611,3
2669,890,279,3
2670,890,209,3
2671,891,641,3
2672,891,335,4
2673,891,288,2
2674,892,252,4
2675,892,265,3
2676,892,271,4
2677,893,924,4
2678,893,920,4
2679,893,700,3
2680,894,419,4
2681,894,726,1
2682,894,795,3
2683,895,211,4
2684,895,365,1
2685,895,76,4
2686,896,660,2
2687,896,321,4
2688,896,725,4
2689,897,433,2
2690,897,109,3
2691,897,641,2
2692,898,522,3
2693,898,47,2
2694,898,379,4
2695,899,827,4
2696,899,96,3
2697,899,958,3
2698,900,103,1
2699,900,892,1
2700,900,854,4
2701,901,146,4
2702,901,880,1
2703,901,942,1
2704,902,928,3
2705,902,27,2
2706,902,732,3
2707,903,530,1
2708,903,679,4
2709,903,945,1
2710,904,989,4
2711,904,82,4
2712,904,428,4
2713,905,584,4
2714,905,822,2
2715,905,479,1
2716,906,766,3
2717,906,162,4
2718,906,839,4
2719,907,932,3
2720,907,402,3
2721,907,508,4
2722,908,38,3
2723,908,955,3
2724,908,511,2
2725,909,393,3
2726,909,713,1
2727,909,494,1
2728,910,200,1
2729,910,255,4
2730,910,179,1
2731,911,547,2
2732,911,594,1
2733,911,389,4
2734,912,398,2
2735,912,732,1
2736,912,158,2
2737,913,4,2
2738,913,167,4
2739,913,468,4
2740,914,960,2
2741,914,409,1
2742,914,412,4
2743,915,204,2
2744,915,194,3
2745,915,235,3
2746,916,718,4
2747,916,150,1
2748,916,159,3
2749,917,279,3
2750,917,816,3
2751,917,404,1
2752,918,893,1
2753,918,678,4
2754,918,311,4
2755,919,68,3
2756,919,463,1
2757,919,88,2
2758,920,217,3
2759,920,1,4
2760,920,135,1
2761,921,697,4
2762,921,351,4
2763,921,140,1
2764,922,618,3
2765,922,133,1
2766,922,620,3
2767,923,178,4
2768,923,810,1
2769,923,358,2
2770,924,380,3
2771,924,908,2
2772,924,871,3
2773,925,658,1
2774,925,450,2
2775,925,586,1
2776,926,463,3
2777,926,990,3
2778,926,108,3
2779,927,122,3
2780,927,17,4
2781,927,196,3
2782,928,327,2
2783,928,318,3
2784,928,809,1
2785,929,479,4
2786,929,252,2
2787,929,503,4
2788,930,999,4
2789,930,119,4
2790,930,674,1
2791,931,710,4
2792,931,498,4
2793,931,486,3
2794,932,45,1
2795,932,314,2
2796,932,179,2
2797,933,894,2
2798,933,418,1
2799,933,556,2
2800,934,783,1
2801,934,78,3
2802,934,326,3
2803,935,690,1
2804,935,357,2
2805,935,416,1
2806,936,963,1
2807,936,515,4
2808,936,214,1
2809,937,854,4
2810,937,74,3
2811,937,563,4
2812,938,579,1
2813,938,509,3
2814,938,332,4
2815,939,93,1
2816,939,688,3
2817,939,657,4
2818,940,519,1
2819,940,269,1
2820,940,376,2
2821,941,834,2
2822,941,4,4
2823,941,138,4
2824,942,231,4
2825,942,600,1
2826,942,529,4
2827,943,52,1
2828,943,646,4
2829,943,723,1
2830,944,325,1
2831,944,992,2
2832,944,970,3
2833,945,905,1
2834,945,731,4
2835,945,717,2
2836,946,723,4
2837,946,277,4
2838,946,536,1
2839,947,486,1
2840,947,516,3
2841,947,152,1
2842,948,955,1
2843,948,483,3
2844,948,259,4
2845,949,324,3
2846,949,869,3
2847,949,168,3
2848,950,688,2
2849,950,310,4
2850,950,803,2
2851,951,479,2
2852,951,56,1
2853,951,620,3
2854,952,473,3
2855,952,296,2
2856,952,461,1
2857,953,324,1
2858,953,814,1
2859,953,846,4
2860,954,141,2
2861,954,667,4
2862,954,262,1
2863,955,785,1
2864,955,420,1
2865,955,744,3
2866,956,241,2
2867,956,355,3
2868,956,849,4
2869,957,770,3
2870,957,761,2
2871,957,589,3
2872,958,180,1
2873,958,66,4
2874,958,820,4
2875,959,348,1
2876,959,171,1
2877,959,474,1
2878,960,534,2
2879,960,367,3
2880,960,107,4
2881,961,439,3
2882,961,835,1
2883,961,227,1
2884,962,444,3
2885,962,442,4
2886,962,396,2
2887,963,728,3
2888,963,581,1
2889,963,84,1
2890,964,615,2
2891,964,551,3
2892,964,13,2
2893,965,809,2
2894,965,825,4
2895,965,693,4
2896,966,493,1
2897,966,268,3
2898,966,525,4
2899,967,120,1
2900,967,970,3
2901,967,353,1
2902,968,57,4
2903,968,40,1
2904,968,886,3
2905,969,336,3
2906,969,640,1
2907,969,173,3
2908,970,547,1
2909,970,259,3
2910,970,888,1
2911,971,517,1
2912,971,730,1
2913,971,523,2
2914,972,894,3
2915,972,839,4
2916,972,117,1
2917,973,184,2
2918,973,906,4
2919,973,874,1
2920,974,116,4
2921,974,162,2
2922,974,579,4
2923,975,712,1
2924,975,543,4
2925,975,587,4
2926,976,237,1
2927,976,839,2
2928,976,66,2
2929,977,70,4
2930,977,809,3
2931,977,447,4
2932,978,416,3
2933,978,532,4
2934,978,441,2
2935,979,738,4
2936,979,946,4
2937,979,464,3
2938,980,921,2
2939,980,396,3
2940,980,711,4
2941,981,551,1
2942,981,657,4
2943,981,557,4
2944,982,395,3
2945,982,326,1
2946,982,893,1
2947,983,919,3
2948,983,91,2
2949,983,750,1
2950,984,70,1
2951,984,166,3
2952,984,642,2
2953,985,214,2
2954,985,852,4
2955,985,601,4
2956,986,335,3
2957,986,764,2
2958,986,369,3
2959,987,861,4
2960,987,584,3
2961,987,677,3
2962,988,49,1
2963,988,52,1
2964,988,289,1
2965,989,790,4
2966,989,626,3
2967,989,239,1
2968,990,133,1
2969,990,999,1
2970,990,786,4
2971,991,166,4
2972,991,374,3
2973,991,373,3
2974,992,805,3
2975,992,478,1
2976,992,755,2
2977,993,479,4
2978,993,832,1
2979,993,650,1
2980,994,591,3
2981,994,682,3
2982,994,635,1
2983,995,688,4
2984,995,300,4
2985,995,82,1
2986,996,87,2
2987,996,225,2
2988,996,16,4
2989,997,822,3
2990,997,358,2
2991,997,163,2
2992,998,610,3
2993,998,668,2
2994,998,514,1
2995,999,350,2
2996,999,909,3
2997,999,681,1
2998,1000,464,2
2999,1000,827,4
3000,1000,837,1
3001,1001,375,1
3002,1001,92,4
3003,1001,181,4
3004,1002,743,2
3005,1002,301,2
3006,1002,660,3
3007,1003,792,3
3008,1003,189,1
3009,1003,859,4
3010,1004,862,4
3011,1004,314,3
3012,1004,493,1
3013,1005,923,1
3014,1005,922,3
3015,1005,128,3
3016,1006,519,3
3017,1006,426,2
3018,1006,559,1
3019,1007,565,1
3020,1007,187,1
3021,1007,550,3
3022,1008,453,3
3023,1008,471,3
3024,1008,988,3
3025,1009,738,4
3026,1009,565,3
3027,1009,911,2
3028,1010,224,4
3029,1010,154,4
3030,1010,560,3
3031,1011,351,1
3032,1011,147,3
3033,1011,905,1
3034,1012,576,3
3035,1012,349,3
3036,1012,182,1
3037,1013,637,1
3038,1013,179,1
3039,1013,39,1
3040,1014,772,2
3041,1014,894,1
3042,1014,3,3
3043,1015,64,3
3044,1015,29,2
3045,1015,372,1
3046,1016,523,3
3047,1016,97,2
3048,1016,870,3
3049,1017,442,2
3050,1017,203,2
3051,1017,411,4
3052,1018,993,4
3053,1018,21,1
3054,1018,551,4
3055,1019,735,2
3056,1019,102,3
3057,1019,46,3
3058,1020,66,1
3059,1020,603,4
3060,1020,164,1
3061,1021,971,2
3062,1021,111,4
3063,1021,338,1
3064,1022,123,3
3065,1022,705,3
3066,1022,447,1
3067,1023,611,1
3068,1023,291,1
3069,1023,671,2
3070,1024,412,2
3071,1024,615,3
3072,1024,897,2
3073,1025,281,2
3074,1025,43,4
3075,1025,486,2
3076,1026,596,4
3077,1026,963,2
3078,1026,703,3
3079,1027,51,1
3080,1027,898,3
3081,1027,210,2
3082,1028,126,1
3083,1028,492,1
3084,1028,509,1
3085,1029,960,4
3086,1029,970,3
3087,1029,581,4
3088,1030,777,1
3089,1030,258,3
3090,1030,930,3
3091,1031,188,2
3092,1031,230,4
3093,1031,189,4
3094,1032,415,2
3095,1032,10,4
3096,1032,114,1
3097,1033,76,1
3098,1033,676,4
3099,1033,502,2
3100,1034,85,3
3101,1034,49,4
3102,1034,495,3
3103,1035,838,2
3104,1035,689,3
3105,1035,387,2
3106,1036,970,2
3107,1036,389,1
3108,1036,218,1
3109,1037,701,2
3110,1037,981,4
3111,1037,346,1
3112,1038,230,2
3113,1038,255,3
3114,1038,236,3
3115,1039,26,4
3116,1039,584,3
3117,1039,261,3
3118,1040,766,2
3119,1040,271,3
3120,1040,123,3
3121,1041,656,3
3122,1041,257,3
3123,1041,656,2
3124,1042,421,3
3125,1042,259,4
3126,1042,948,1
3127,1043,47,4
3128,1043,863,1
3129,1043,525,4
3130,1044,888,1
3131,1044,208,1
3132,1044,311,1
3133,1045,747,1
3134,1045,149,2
3135,1045,834,4
3136,1046,438,1
3137,1046,155,4
3138,1046,678,3
3139,1047,90,1
3140,1047,698,4
3141,1047,830,2
3142,1048,358,4
3143,1048,174,1
3144,1048,217,3
3145,1049,907,4
3146,1049,456,3
3147,1049,776,2
3148,1050,609,4
3149,1050,629,4
3150,1050,199,2
3151,1051,832,2
3152,1051,486,2
3153,1051,533,1
3154,1052,200,1
3155,1052,371,4
3156,1052,959,4
3157,1053,853,4
3158,1053,448,3
3159,1053,248,2
3160,1054,788,4
3161,1054,264,2
3162,1054,58,1
3163,1055,302,2
3164,1055,31,3
3165,1055,498,3
3166,1056,249,2
3167,1056,605,3
3168,1056,777,3
3169,1057,271,1
3170,1057,606,4
3171,1057,666,3
3172,1058,394,4
3173,1058,797,2
3174,1058,502,2
3175,1059,592,3
3176,1059,804,2
3177,1059,84,1
3178,1060,365,3
3179,1060,886,3
3180,1060,549,3
3181,1061,342,2
3182,1061,839,2
3183,1061,407,3
3184,1062,425,4
3185,1062,744,2
3186,1062,93,2
3187,1063,848,3
3188,1063,614,4
3189,1063,412,3
3190,1064,432,2
3191,1064,678,3
3192,1064,159,3
3193,1065,14,3
3194,1065,373,4
3195,1065,225,3
3196,1066,505,2
3197,1066,73,3
3198,1066,249,4
3199,1067,511,1
3200,1067,603,4
3201,1067,216,3
3202,1068,973,1
3203,1068,602,3
3204,1068,541,4
3205,1069,947,1
3206,1069,817,1
3207,1069,939,3
3208,1070,988,3
3209,1070,220,4
3210,1070,840,3
3211,1071,727,1
3212,1071,221,2
3213,1071,389,2
3214,1072,554,4
3215,1072,647,3
3216,1072,42,4
3217,1073,676,2
3218,1073,873,2
3219,1073,283,3
3220,1074,58,1
3221,1074,814,3
3222,1074,834,2
3223,1075,537,1
3224,1075,73,4
3225,1075,885,2
3226,1076,923,4
3227,1076,129,1
3228,1076,599,4
3229,1077,842,2
3230,1077,426,3
3231,1077,948,4
3232,1078,665,2
3233,1078,694,2
3234,1078,125,1
3235,1079,67,2
3236,1079,6,3
3237,1079,637,3
3238,1080,314,4
3239,1080,326,4
3240,1080,565,4
3241,1081,578,4
3242,1081,826,3
3243,1081,506,1
3244,1082,82,4
3245,1082,599,1
3246,1082,2,2
3247,1083,204,2
3248,1083,662,4
3249,1083,805,2
3250,1084,404,1
3251,1084,103,1
3252,1084,536,2
3253,1085,368,4
3254,1085,212,1
3255,1085,577,1
3256,1086,961,3
3257,1086,209,4
3258,1086,763,3
3259,1087,897,2
3260,1087,117,2
3261,1087,628,3
3262,1088,749,4
3263,1088,478,1
3264,1088,105,2
3265,1089,495,4
3266,1089,771,4
3267,1089,46,2
3268,1090,823,2
3269,1090,331,4
3270,1090,216,1
3271,1091,982,3
3272,1091,960,2
3273,1091,492,3
3274,1092,813,4
3275,1092,922,3
3276,1092,845,1
3277,1093,449,4
3278,1093,536,1
3279,1093,511,4
3280,1094,458,1
3281,1094,547,4
3282,1094,536,1
3283,1095,540,4
3284,1095,484,1
3285,1095,976,4
3286,1096,1000,1
3287,1096,16,2
3288,1096,571,3
3289,1097,977,4
3290,1097,243,1
3291,1097,950,2
3292,1098,207,4
3293,1098,912,4
3294,1098,271,4
3295,1099,761,3
3296,1099,994,1
3297,1099,779,1
3298,1100,705,4
3299,1100,847,4
3300,1100,730,4
3301,1101,115,2
3302,1101,580,4
3303,1101,299,3
3304,1102,837,1
3305,1102,483,3
3306,1102,397,4
3307,1103,394,2
3308,1103,75,4
3309,1103,978,4
3310,1104,482,4
3311,1104,103,4
3312,1104,297,4
3313,1105,178,1
3314,1105,215,3
3315,1105,967,2
3316,1106,315,4
3317,1106,39,2
3318,1106,259,1
3319,1107,716,3
3320,1107,7,4
3321,1107,49,1
3322,1108,538,1
3323,1108,161,3
3324,1108,869,4
3325,1109,176,3
3326,1109,591,3
3327,1109,2,2
3328,1110,895,2
3329,1110,455,3
3330,1110,928,2
3331,1111,644,1
3332,1111,276,3
3333,1111,498,4
3334,1112,629,4
3335,1112,676,1
3336,1112,800,4
3337,1113,28,4
3338,1113,333,3
3339,1113,1,1
3340,1114,188,3
3341,1114,56,1
3342,1114,547,3
3343,1115,112,3
3344,1115,798,2
3345,1115,310,4
3346,1116,36,1
3347,1116,439,4
3348,1116,729,2
3349,1117,592,1
3350,1117,826,2
3351,1117,595,4
3352,1118,577,3
3353,1118,325,2
3354,1118,640,2
3355,1119,307,3
3356,1119,534,4
3357,1119,728,2
3358,1120,619,4
3359,1120,109,3
3360,1120,372,1
3361,1121,357,2
3362,1121,181,4
3363,1121,356,3
3364,1122,676,3
3365,1122,68,2
3366,1122,292,1
3367,1123,692,2
3368,1123,181,4
3369,1123,466,3
3370,1124,434,1
3371,1124,464,4
3372,1124,681,2
3373,1125,914,3
3374,1125,534,2
3375,1125,66,1
3376,1126,21,1
3377,1126,612,1
3378,1126,384,1
3379,1127,812,1
3380,1127,615,2
3381,1127,559,1
3382,1128,39,1
3383,1128,285,3
3384,1128,822,1
3385,1129,602,3
3386,1129,597,3
3387,1129,785,3
3388,1130,336,2
3389,1130,188,2
3390,1130,671,4
3391,1131,243,4
3392,1131,73,3
3393,1131,479,2
3394,1132,974,1
3395,1132,561,4
3396,1132,101,2
3397,1133,514,1
3398,1133,756,1
3399,1133,176,2
3400,1134,238,4
3401,1134,910,2
3402,1134,59,4
3403,1135,865,3
3404,1135,99,2
3405,1135,954,2
3406,1136,871,4
3407,1136,954,4
3408,1136,495,2
3409,1137,947,1
3410,1137,980,1
3411,1137,514,1
3412,1138,755,3
3413,1138,297,3
3414,1138,211,4
3415,1139,123,3
3416,1139,229,1
3417,1139,594,2
3418,1140,656,3
3419,1140,388,3
3420,1140,140,1
3421,1141,541,3
3422,1141,391,4
3423,1141,270,2
3424,1142,759,1
3425,1142,12,4
3426,1142,867,1
3427,1143,389,4
3428,1143,337,2
3429,1143,506,2
3430,1144,106,4
3431,1144,32,4
3432,1144,74,4
3433,1145,171,4
3434,1145,849,4
3435,1145,69,4
3436,1146,813,2
3437,1146,362,4
3438,1146,649,3
3439,1147,433,2
3440,1147,929,1
3441,1147,996,2
3442,1148,100,1
3443,1148,658,1
3444,1148,9,3
3445,1149,574,4
3446,1149,697,4
3447,1149,29,2
3448,1150,893,4
3449,1150,114,3
3450,1150,462,2
3451,1151,921,2
3452,1151,143,2
3453,1151,390,4
3454,1152,632,4
3455,1152,682,4
3456,1152,157,2
3457,1153,335,2
3458,1153,861,1
3459,1153,260,1
3460,1154,82,4
3461,1154,754,2
3462,1154,441,4
3463,1155,945,4
3464,1155,172,1
3465,1155,231,3
3466,1156,720,4
3467,1156,75,3
3468,1156,270,3
3469,1157,899,2
3470,1157,626,2
3471,1157,62,4
3472,1158,874,1
3473,1158,320,1
3474,1158,102,4
3475,1159,429,4
3476,1159,874,1
3477,1159,722,3
3478,1160,954,4
3479,1160,255,3
3480,1160,532,4
3481,1161,570,4
3482,1161,112,3
3483,1161,985,3
3484,1162,313,1
3485,1162,998,4
3486,1162,461,2
3487,1163,708,2
3488,1163,887,4
3489,1163,462,4
3490,1164,865,4
3491,1164,92,3
3492,1164,52,2
3493,1165,805,2
3494,1165,520,2
3495,1165,812,4
3496,1166,98,3
3497,1166,236,4
3498,1166,901,1
3499,1167,374,1
3500,1167,581,2
3501,1167,927,4
3502,1168,557,1
3503,1168,649,1
3504,1168,234,4
3505,1169,32,3
3506,1169,289,4
3507,1169,638,4
3508,1170,579,3
3509,1170,542,2
3510,1170,114,2
3511,1171,204,2
3512,1171,29,3
3513,1171,643,1
3514,1172,474,3
3515,1172,697,4
3516,1172,253,3
3517,1173,798,1
3518,1173,905,1
3519,1173,922,4
3520,1174,386,2
3521,1174,62,1
3522,1174,515,1
3523,1175,430,1
3524,1175,580,4
3525,1175,537,1
3526,1176,691,2
3527,1176,141,4
3528,1176,743,2
3529,1177,300,1
3530,1177,675,1
3531,1177,311,2
3532,1178,471,4
3533,1178,393,4
3534,1178,642,2
3535,1179,445,1
3536,1179,758,3
3537,1179,809,2
3538,1180,172,2
3539,1180,576,2
3540,1180,31,1
3541,1181,47,4
3542,1181,130,1
3543,1181,352,2
3544,1182,978,1
3545,1182,845,1
3546,1182,622,2
3547,1183,581,1
3548,1183,58,3
3549,1183,106,1
3550,1184,812,1
3551,1184,330,4
3552,1184,768,4
3553,1185,824,2
3554,1185,683,2
3555,1185,383,4
3556,1186,985,3
3557,1186,162,1
3558,1186,997,3
3559,1187,286,3
3560,1187,71,4
3561,1187,767,2
3562,1188,454,1
3563,1188,886,2
3564,1188,567,3
3565,1189,835,3
3566,1189,397,2
3567,1189,515,2
3568,1190,26,4
3569,1190,313,2
3570,1190,126,2
3571,1191,408,4
3572,1191,565,2
3573,1191,198,3
3574,1192,811,2
3575,1192,188,1
3576,1192,698,3
3577,1193,817,4
3578,1193,810,3
3579,1193,716,4
3580,1194,484,1
3581,1194,450,1
3582,1194,523,3
3583,1195,871,2
3584,1195,354,3
3585,1195,986,3
3586,1196,658,1
3587,1196,597,4
3588,1196,100,3
3589,1197,616,2
3590,1197,948,1
3591,1197,558,3
3592,1198,556,3
3593,1198,278,2
3594,1198,693,3
3595,1199,699,3
3596,1199,990,3
3597,1199,626,3
3598,1200,491,2
3599,1200,255,3
3600,1200,381,3
3601,1201,892,3
3602,1201,542,1
3603,1201,264,2
3604,1202,610,1
3605,1202,825,1
3606,1202,879,2
3607,1203,329,1
3608,1203,115,1
3609,1203,276,1
3610,1204,488,2
3611,1204,281,3
3612,1204,275,4
3613,1205,773,4
3614,1205,843,2
3615,1205,719,4
3616,1206,896,2
3617,1206,328,2
3618,1206,211,4
3619,1207,727,1
3620,1207,923,3
3621,1207,552,4
3622,1208,992,4
3623,1208,26,4
3624,1208,27,4
3625,1209,702,2
3626,1209,83,2
3627,1209,896,3
3628,1210,946,3
3629,1210,682,4
3630,1210,413,4
3631,1211,167,4
3632,1211,700,3
3633,1211,169,4
3634,1212,801,1
3635,1212,979,3
3636,1212,229,1
3637,1213,979,4
3638,1213,609,2
3639,1213,367,1
3640,1214,528,3
3641,1214,791,1
3642,1214,647,3
3643,1215,538,4
3644,1215,864,1
3645,1215,524,2
3646,1216,72,1
3647,1216,645,2
3648,1216,106,3
3649,1217,732,4
3650,1217,885,4
3651,1217,965,2
3652,1218,689,3
3653,1218,282,4
3654,1218,133,3
3655,1219,534,2
3656,1219,975,2
3657,1219,269,1
3658,1220,412,4
3659,1220,673,4
3660,1220,619,1
3661,1221,791,2
3662,1221,865,2
3663,1221,747,2
3664,1222,18,2
3665,1222,754,3
3666,1222,117,4
3667,1223,798,4
3668,1223,794,2
3669,1223,144,2
3670,1224,717,2
3671,1224,551,4
3672,1224,929,4
3673,1225,666,2
3674,1225,688,3
3675,1225,961,1
3676,1226,753,1
3677,1226,422,1
3678,1226,898,4
3679,1227,369,4
3680,1227,646,1
3681,1227,558,1
3682,1228,50,3
3683,1228,678,4
3684,1228,106,4
3685,1229,216,1
3686,1229,658,3
3687,1229,923,3
3688,1230,425,1
3689,1230,72,1
3690,1230,988,4
3691,1231,842,1
3692,1231,785,2
3693,1231,759,3
3694,1232,446,1
3695,1232,925,2
3696,1232,186,3
3697,1233,70,2
3698,1233,974,2
3699,1233,150,1
3700,1234,246,3
3701,1234,774,2
3702,1234,538,4
3703,1235,935,3
3704,1235,652,4
3705,1235,99,1
3706,1236,910,4
3707,1236,278,3
3708,1236,563,2
3709,1237,663,2
3710,1237,944,3
3711,1237,455,2
3712,1238,104,4
3713,1238,946,2
3714,1238,601,2
3715,1239,653,4
3716,1239,725,4
3717,1239,233,4
3718,1240,394,1
3719,1240,501,4
3720,1240,695,4
3721,1241,251,1
3722,1241,521,2
3723,1241,79,4
3724,1242,52,3
3725,1242,898,4
3726,1242,921,4
3727,1243,781,1
3728,1243,226,3
3729,1243,51,2
3730,1244,186,2
3731,1244,34,3
3732,1244,803,4
3733,1245,742,1
3734,1245,131,3
3735,1245,632,3
3736,1246,443,2
3737,1246,838,1
3738,1246,759,3
3739,1247,432,1
3740,1247,704,4
3741,1247,497,2
3742,1248,403,4
3743,1248,323,1
3744,1248,210,4
3745,1249,615,2
3746,1249,329,1
3747,1249,372,3
3748,1250,460,4
3749,1250,133,2
3750,1250,835,3
3751,1251,651,2
3752,1251,121,1
3753,1251,606,1
3754,1252,452,4
3755,1252,965,2
3756,1252,129,2
3757,1253,91,2
3758,1253,604,1
3759,1253,575,4
3760,1254,29,2
3761,1254,722,2
3762,1254,524,3
3763,1255,333,2
3764,1255,297,4
3765,1255,130,3
3766,1256,293,3
3767,1256,173,3
3768,1256,720,1
3769,1257,944,3
3770,1257,24,2
3771,1257,99,1
3772,1258,406,1
3773,1258,356,1
3774,1258,139,1
3775,1259,503,1
3776,1259,826,1
3777,1259,174,1
3778,1260,29,3
3779,1260,931,4
3780,1260,496,2
3781,1261,655,2
3782,1261,828,3
3783,1261,351,3
3784,1262,554,1
3785,1262,299,4
3786,1262,720,1
3787,1263,842,3
3788,1263,945,1
3789,1263,192,2
3790,1264,672,2
3791,1264,64,1
3792,1264,755,4
3793,1265,770,1
3794,1265,664,1
3795,1265,215,4
3796,1266,834,4
3797,1266,166,4
3798,1266,543,2
3799,1267,883,1
3800,1267,232,3
3801,1267,794,4
3802,1268,541,4
3803,1268,195,1
3804,1268,506,3
3805,1269,334,1
3806,1269,768,1
3807,1269,793,4
3808,1270,304,4
3809,1270,833,2
3810,1270,437,3
3811,1271,323,3
3812,1271,502,4
3813,1271,858,4
3814,1272,914,4
3815,1272,393,3
3816,1272,806,2
3817,1273,599,3
3818,1273,149,4
3819,1273,761,4
3820,1274,833,2
3821,1274,405,1
3822,1274,283,1
3823,1275,362,3
3824,1275,379,1
3825,1275,198,1
3826,1276,556,3
3827,1276,356,4
3828,1276,540,1
3829,1277,429,4
3830,1277,17,3
3831,1277,639,4
3832,1278,379,4
3833,1278,680,3
3834,1278,506,4
3835,1279,756,1
3836,1279,899,1
3837,1279,76,1
3838,1280,231,1
3839,1280,716,4
3840,1280,962,1
3841,1281,248,4
3842,1281,302,2
3843,1281,726,4
3844,1282,215,1
3845,1282,158,2
3846,1282,69,3
3847,1283,393,4
3848,1283,85,1
3849,1283,267,1
3850,1284,69,1
3851,1284,611,3
3852,1284,347,2
3853,1285,962,2
3854,1285,728,1
3855,1285,927,4
3856,1286,673,1
3857,1286,423,1
3858,1286,606,4
3859,1287,174,1
3860,1287,677,3
3861,1287,115,1
3862,1288,220,3
3863,1288,956,1
3864,1288,31,2
3865,1289,523,4
3866,1289,343,2
3867,1289,377,1
3868,1290,130,1
3869,1290,1000,3
3870,1290,617,1
3871,1291,539,1
3872,1291,739,1
3873,1291,2,2
3874,1292,871,3
3875,1292,101,2
3876,1292,533,3
3877,1293,58,2
3878,1293,389,1
3879,1293,692,2
3880,1294,941,2
3881,1294,341,3
3882,1294,861,3
3883,1295,20,2
3884,1295,255,3
3885,1295,317,3
3886,1296,38,3
3887,1296,660,4
3888,1296,537,3
3889,1297,386,4
3890,1297,633,4
3891,1297,928,3
3892,1298,26,2
3893,1298,454,3
3894,1298,681,1
3895,1299,323,2
3896,1299,737,4
3897,1299,513,4
3898,1300,819,2
3899,1300,773,2
3900,1300,13,3
3901,1301,915,4
3902,1301,908,1
3903,1301,560,3
3904,1302,921,2
3905,1302,825,4
3906,1302,371,2
3907,1303,291,2
3908,1303,332,2
3909,1303,606,3
3910,1304,261,1
3911,1304,994,1
3912,1304,790,4
3913,1305,871,2
3914,1305,205,1
3915,1305,697,2
3916,1306,687,4
3917,1306,950,2
3918,1306,387,1
3919,1307,892,2
3920,1307,821,1
3921,1307,468,4
3922,1308,415,2
3923,1308,69,1
3924,1308,472,4
3925,1309,104,2
3926,1309,758,4
3927,1309,161,1
3928,1310,200,2
3929,1310,216,2
3930,1310,946,2
3931,1311,212,4
3932,1311,508,4
3933,1311,16,1
3934,1312,498,3
3935,1312,884,2
3936,1312,332,2
3937,1313,717,1
3938,1313,877,2
3939,1313,551,4
3940,1314,601,4
3941,1314,942,2
3942,1314,256,2
3943,1315,992,4
3944,1315,766,2
3945,1315,728,4
3946,1316,880,3
3947,1316,815,3
3948,1316,172,2
3949,1317,649,2
3950,1317,1000,2
3951,1317,498,4
3952,1318,471,3
3953,1318,384,3
3954,1318,690,1
3955,1319,589,1
3956,1319,700,2
3957,1319,507,4
3958,1320,992,2
3959,1320,527,3
3960,1320,804,2
3961,1321,831,2
3962,1321,325,3
3963,1321,214,3
3964,1322,208,3
3965,1322,169,3
3966,1322,330,1
3967,1323,280,4
3968,1323,978,4
3969,1323,305,3
3970,1324,146,4
3971,1324,775,4
3972,1324,516,4
3973,1325,90,4
3974,1325,453,3
3975,1325,60,2
3976,1326,311,2
3977,1326,528,2
3978,1326,227,1
3979,1327,474,4
3980,1327,978,3
3981,1327,541,3
3982,1328,663,1
3983,1328,757,3
3984,1328,782,2
3985,1329,79,1
3986,1329,433,3
3987,1329,801,1
3988,1330,153,1
3989,1330,789,3
3990,1330,401,2
3991,1331,279,3
3992,1331,57,4
3993,1331,977,4
3994,1332,186,3
3995,1332,398,2
3996,1332,605,4
3997,1333,788,4
3998,1333,158,3
3999,1333,787,3
4000,1334,693,3
4001,1334,359,1
4002,1334,440,1
4003,1335,589,1
4004,1335,466,3
4005,1335,663,2
4006,1336,446,4
4007,1336,750,1
4008,1336,801,2
4009,1337,743,3
4010,1337,488,1
4011,1337,530,3
4012,1338,73,2
4013,1338,929,1
4014,1338,928,1
4015,1339,701,1
4016,1339,950,1
4017,1339,17,2
4018,1340,531,1
4019,1340,731,4
4020,1340,326,4
4021,1341,995,3
4022,1341,632,1
4023,1341,613,4
4024,1342,546,4
4025,1342,596,4
4026,1342,921,2
4027,1343,708,1
4028,1343,842,2
4029,1343,202,2
4030,1344,344,4
4031,1344,853,4
4032,1344,523,3
4033,1345,859,1
4034,1345,400,1
4035,1345,218,4
4036,1346,445,4
4037,1346,765,1
4038,1346,222,3
4039,1347,383,4
4040,1347,881,3
4041,1347,592,2
4042,1348,7,4
4043,1348,272,2
4044,1348,739,4
4045,1349,16,2
4046,1349,424,4
4047,1349,524,3
4048,1350,803,3
4049,1350,753,3
4050,1350,21,2
4051,1351,690,3
4052,1351,939,2
4053,1351,228,4
4054,1352,785,2
4055,1352,288,4
4056,1352,809,1
4057,1353,134,1
4058,1353,984,1
4059,1353,283,2
4060,1354,404,1
4061,1354,665,1
4062,1354,66,1
4063,1355,649,4
4064,1355,604,3
4065,1355,437,2
4066,1356,829,1
4067,1356,934,4
4068,1356,259,3
4069,1357,980,3
4070,1357,966,3
4071,1357,103,4
4072,1358,993,1
4073,1358,567,3
4074,1358,769,4
4075,1359,101,4
4076,1359,198,2
4077,1359,813,4
4078,1360,226,3
4079,1360,943,3
4080,1360,463,4
4081,1361,237,3
4082,1361,26,4
4083,1361,121,3
4084,1362,910,2
4085,1362,506,1
4086,1362,182,2
4087,1363,711,2
4088,1363,814,1
4089,1363,767,3
4090,1364,634,1
4091,1364,543,4
4092,1364,984,1
4093,1365,315,2
4094,1365,991,1
4095,1365,797,3
4096,1366,618,2
4097,1366,736,4
4098,1366,273,3
4099,1367,910,2
4100,1367,232,4
4101,1367,420,3
4102,1368,768,4
4103,1368,442,1
4104,1368,496,1
4105,1369,24,4
4106,1369,109,1
4107,1369,703,4
4108,1370,502,3
4109,1370,859,2
4110,1370,25,4
4111,1371,187,2
4112,1371,288,2
4113,1371,628,4
4114,1372,338,1
4115,1372,878,3
4116,1372,914,2
4117,1373,37,3
4118,1373,794,2
4119,1373,137,4
4120,1374,508,1
4121,1374,227,3
4122,1374,320,2
4123,1375,840,4
4124,1375,916,4
4125,1375,182,2
4126,1376,874,2
4127,1376,86,2
4128,1376,467,1
4129,1377,926,2
4130,1377,53,2
4131,1377,860,1
4132,1378,867,4
4133,1378,235,2
4134,1378,959,3
4135,1379,779,4
4136,1379,799,3
4137,1379,433,2
4138,1380,496,1
4139,1380,999,1
4140,1380,100,1
4141,1381,990,2
4142,1381,599,2
4143,1381,403,3
4144,1382,396,1
4145,1382,527,2
4146,1382,415,4
4147,1383,939,2
4148,1383,613,2
4149,1383,677,4
4150,1384,463,1
4151,1384,541,4
4152,1384,626,1
4153,1385,619,4
4154,1385,922,3
4155,1385,364,1
4156,1386,130,2
4157,1386,84,3
4158,1386,271,1
4159,1387,244,1
4160,1387,388,1
4161,1387,214,4
4162,1388,818,1
4163,1388,166,2
4164,1388,791,1
4165,1389,59,2
4166,1389,602,2
4167,1389,883,2
4168,1390,843,3
4169,1390,924,2
4170,1390,504,4
4171,1391,706,1
4172,1391,123,4
4173,1391,648,3
4174,1392,413,1
4175,1392,139,2
4176,1392,229,1
4177,1393,274,3
4178,1393,439,3
4179,1393,562,4
4180,1394,910,1
4181,1394,118,1
4182,1394,714,1
4183,1395,995,4
4184,1395,905,3
4185,1395,483,2
4186,1396,395,1
4187,1396,703,4
4188,1396,876,4
4189,1397,460,2
4190,1397,835,3
4191,1397,693,1
4192,1398,935,1
4193,1398,78,4
4194,1398,952,3
4195,1399,412,1
4196,1399,75,2
4197,1399,295,3
4198,1400,793,3
4199,1400,21,4
4200,1400,906,4
4201,1401,171,1
4202,1401,15,4
4203,1401,211,3
4204,1402,560,1
4205,1402,86,1
4206,1402,149,3
4207,1403,700,1
4208,1403,372,2
4209,1403,480,2
4210,1404,818,1
4211,1404,151,4
4212,1404,141,2
4213,1405,69,1
4214,1405,260,2
4215,1405,988,4
4216,1406,846,3
4217,1406,968,1
4218,1406,521,1
4219,1407,633,1
4220,1407,371,1
4221,1407,419,1
4222,1408,101,1
4223,1408,661,4
4224,1408,954,3
4225,1409,658,4
4226,1409,865,4
4227,1409,968,3
4228,1410,243,4
4229,1410,753,2
4230,1410,512,4
4231,1411,849,1
4232,1411,555,2
4233,1411,95,2
4234,1412,226,3
4235,1412,518,4
4236,1412,214,4
4237,1413,718,2
4238,1413,67,4
4239,1413,396,4
4240,1414,612,3
4241,1414,12,2
4242,1414,237,1
4243,1415,834,2
4244,1415,770,3
4245,1415,399,3
4246,1416,407,3
4247,1416,925,4
4248,1416,849,2
4249,1417,480,4
4250,1417,647,4
4251,1417,222,2
4252,1418,156,3
4253,1418,654,1
4254,1418,428,1
4255,1419,158,2
4256,1419,977,2
4257,1419,416,3
4258,1420,326,2
4259,1420,371,2
4260,1420,344,3
4261,1421,262,3
4262,1421,283,4
4263,1421,850,2
4264,1422,856,1
4265,1422,229,2
4266,1422,888,1
4267,1423,280,1
4268,1423,870,1
4269,1423,290,4
4270,1424,680,3
4271,1424,47,3
4272,1424,975,4
4273,1425,715,3
4274,1425,214,4
4275,1425,758,2
4276,1426,24,4
4277,1426,321,3
4278,1426,274,3
4279,1427,556,2
4280,1427,844,4
4281,1427,313,2
4282,1428,363,1
4283,1428,668,4
4284,1428,1000,2
4285,1429,380,2
4286,1429,711,3
4287,1429,919,4
4288,1430,981,1
4289,1430,674,1
4290,1430,907,4
4291,1431,470,4
4292,1431,746,2
4293,1431,675,3
4294,1432,116,3
4295,1432,605,3
4296,1432,42,4
4297,1433,796,3
4298,1433,379,2
4299,1433,722,4
4300,1434,206,4
4301,1434,466,3
4302,1434,732,1
4303,1435,280,1
4304,1435,648,2
4305,1435,618,3
4306,1436,118,3
4307,1436,237,4
4308,1436,309,4
4309,1437,456,3
4310,1437,900,4
4311,1437,475,3
4312,1438,100,2
4313,1438,261,4
4314,1438,993,3
4315,1439,305,4
4316,1439,354,2
4317,1439,286,4
4318,1440,328,3
4319,1440,103,4
4320,1440,63,4
4321,1441,687,3
4322,1441,282,1
4323,1441,441,4
4324,1442,293,4
4325,1442,738,2
4326,1442,7,1
4327,1443,639,2
4328,1443,936,3
4329,1443,92,3
4330,1444,935,2
4331,1444,190,4
4332,1444,871,1
4333,1445,476,2
4334,1445,511,2
4335,1445,462,3
4336,1446,53,4
4337,1446,754,1
4338,1446,486,2
4339,1447,644,1
4340,1447,490,1
4341,1447,978,2
4342,1448,364,1
4343,1448,112,3
4344,1448,409,4
4345,1449,7,4
4346,1449,742,4
4347,1449,668,3
4348,1450,197,3
4349,1450,835,3
4350,1450,876,4
4351,1451,735,1
4352,1451,367,3
4353,1451,250,2
4354,1452,916,3
4355,1452,595,2
4356,1452,240,4
4357,1453,380,2
4358,1453,907,3
4359,1453,872,3
4360,1454,835,1
4361,1454,471,4
4362,1454,775,2
4363,1455,919,4
4364,1455,701,3
4365,1455,455,1
4366,1456,366,3
4367,1456,290,3
4368,1456,874,3
4369,1457,403,2
4370,1457,58,3
4371,1457,521,4
4372,1458,304,4
4373,1458,115,1
4374,1458,210,4
4375,1459,41,3
4376,1459,816,3
4377,1459,173,4
4378,1460,234,1
4379,1460,793,1
4380,1460,884,4
4381,1461,590,2
4382,1461,620,2
4383,1461,793,2
4384,1462,403,2
4385,1462,39,4
4386,1462,119,1
4387,1463,335,3
4388,1463,336,3
4389,1463,539,4
4390,1464,616,3
4391,1464,74,2
4392,1464,191,1
4393,1465,324,4
4394,1465,147,1
4395,1465,767,4
4396,1466,284,4
4397,1466,213,4
4398,1466,635,4
4399,1467,718,1
4400,1467,929,3
4401,1467,752,4
4402,1468,394,2
4403,1468,339,4
4404,1468,798,1
4405,1469,22,4
4406,1469,771,2
4407,1469,869,1
4408,1470,105,4
4409,1470,466,2
4410,1470,459,1
4411,1471,432,4
4412,1471,770,2
4413,1471,716,1
4414,1472,822,4
4415,1472,774,1
4416,1472,619,2
4417,1473,763,4
4418,1473,936,4
4419,1473,221,4
4420,1474,379,2
4421,1474,222,3
4422,1474,258,4
4423,1475,713,2
4424,1475,367,1
4425,1475,770,1
4426,1476,349,2
4427,1476,225,3
4428,1476,714,2
4429,1477,738,1
4430,1477,236,1
4431,1477,183,4
4432,1478,712,3
4433,1478,869,2
4434,1478,758,1
4435,1479,444,1
4436,1479,865,1
4437,1479,623,2
4438,1480,6,2
4439,1480,236,3
4440,1480,127,4
4441,1481,104,4
4442,1481,749,4
4443,1481,915,1
4444,1482,480,4
4445,1482,155,1
4446,1482,257,3
4447,1483,235,1
4448,1483,500,3
4449,1483,289,3
4450,1484,510,4
4451,1484,552,4
4452,1484,800,1
4453,1485,709,2
4454,1485,785,4
4455,1485,894,4
4456,1486,776,2
4457,1486,569,2
4458,1486,298,4
4459,1487,610,2
4460,1487,137,1
4461,1487,376,3
4462,1488,87,3
4463,1488,419,4
4464,1488,754,4
4465,1489,199,1
4466,1489,463,2
4467,1489,437,4
4468,1490,310,3
4469,1490,596,1
4470,1490,754,1
4471,1491,281,2
4472,1491,323,4
4473,1491,764,4
4474,1492,702,1
4475,1492,951,3
4476,1492,942,4
4477,1493,152,3
4478,1493,994,1
4479,1493,302,4
4480,1494,278,3
4481,1494,651,1
4482,1494,688,3
4483,1495,8,4
4484,1495,807,2
4485,1495,235,3
4486,1496,675,2
4487,1496,561,4
4488,1496,302,2
4489,1497,38,1
4490,1497,136,2
4491,1497,822,3
4492,1498,421,3
4493,1498,219,2
4494,1498,348,1
4495,1499,808,4
4496,1499,546,2
4497,1499,864,3
4498,1500,79,3
4499,1500,748,2
4500,1500,895,2
4501,1501,273,2
4502,1501,161,4
4503,1501,687,3
4504,1502,878,3
4505,1502,308,3
4506,1502,374,4
4507,1503,976,1
4508,1503,733,3
4509,1503,9,3
4510,1504,801,1
4511,1504,444,4
4512,1504,113,1
4513,1505,989,1
4514,1505,205,1
4515,1505,405,1
4516,1506,698,4
4517,1506,853,4
4518,1506,197,1
4519,1507,778,2
4520,1507,774,2
4521,1507,760,2
4522,1508,115,2
4523,1508,121,3
4524,1508,653,4
4525,1509,65,4
4526,1509,276,1
4527,1509,825,3
4528,1510,239,1
4529,1510,302,1
4530,1510,392,4
4531,1511,522,3
4532,1511,969,2
4533,1511,369,4
4534,1512,233,3
4535,1512,195,3
4536,1512,907,4
4537,1513,12,4
4538,1513,906,1
4539,1513,921,1
4540,1514,689,1
4541,1514,177,2
4542,1514,217,4
4543,1515,11,3
4544,1515,446,4
4545,1515,630,3
4546,1516,164,2
4547,1516,551,4
4548,1516,53,3
4549,1517,218,3
4550,1517,718,1
4551,1517,999,2
4552,1518,824,4
4553,1518,360,1
4554,1518,385,2
4555,1519,56,1
4556,1519,118,4
4557,1519,900,3
4558,1520,253,4
4559,1520,798,2
4560,1520,780,4
4561,1521,803,2
4562,1521,845,1
4563,1521,180,2
4564,1522,415,3
4565,1522,870,3
4566,1522,235,3
4567,1523,855,1
4568,1523,708,2
4569,1523,820,1
4570,1524,80,4
4571,1524,647,4
4572,1524,22,4
4573,1525,477,4
4574,1525,843,3
4575,1525,440,2
4576,1526,737,3
4577,1526,570,2
4578,1526,93,2
4579,1527,192,1
4580,1527,103,4
4581,1527,396,2
4582,1528,7,4
4583,1528,640,4
4584,1528,567,4
4585,1529,231,3
4586,1529,874,4
4587,1529,574,2
4588,1530,240,3
4589,1530,90,4
4590,1530,232,1
4591,1531,457,4
4592,1531,233,4
4593,1531,354,3
4594,1532,333,2
4595,1532,439,4
4596,1532,375,3
4597,1533,292,3
4598,1533,345,2
4599,1533,664,3
4600,1534,428,2
4601,1534,657,1
4602,1534,130,4
4603,1535,141,3
4604,1535,415,1
4605,1535,93,3
4606,1536,626,3
4607,1536,284,1
4608,1536,956,3
4609,1537,923,3
4610,1537,655,1
4611,1537,223,3
4612,1538,744,2
4613,1538,463,3
4614,1538,545,4
4615,1539,276,3
4616,1539,682,4
4617,1539,140,4
4618,1540,357,3
4619,1540,713,1
4620,1540,23,2
4621,1541,968,2
4622,1541,736,3
4623,1541,880,1
4624,1542,270,1
4625,1542,859,2
4626,1542,665,1
4627,1543,333,3
4628,1543,85,3
4629,1543,621,1
4630,1544,31,3
4631,1544,741,4
4632,1544,240,2
4633,1545,890,3
4634,1545,363,1
4635,1545,822,2
4636,1546,389,3
4637,1546,653,2
4638,1546,668,1
4639,1547,299,4
4640,1547,857,4
4641,1547,371,3
4642,1548,99,4
4643,1548,47,3
4644,1548,999,2
4645,1549,839,3
4646,1549,422,3
4647,1549,480,3
4648,1550,579,4
4649,1550,62,3
4650,1550,109,1
4651,1551,679,3
4652,1551,549,2
4653,1551,119,1
4654,1552,598,2
4655,1552,382,2
4656,1552,392,2
4657,1553,977,1
4658,1553,52,1
4659,1553,603,4
4660,1554,289,1
4661,1554,337,3
4662,1554,810,2
4663,1555,204,4
4664,1555,880,1
4665,1555,238,2
4666,1556,382,1
4667,1556,667,4
4668,1556,752,1
4669,1557,136,1
4670,1557,407,2
4671,1557,508,3
4672,1558,362,1
4673,1558,381,4
4674,1558,881,1
4675,1559,576,1
4676,1559,635,3
4677,1559,254,2
4678,1560,477,4
4679,1560,114,2
4680,1560,20,2
4681,1561,528,2
4682,1561,145,1
4683,1561,208,3
4684,1562,531,1
4685,1562,376,4
4686,1562,504,3
4687,1563,904,2
4688,1563,166,3
4689,1563,550,4
4690,1564,181,1
4691,1564,861,1
4692,1564,617,2
4693,1565,612,1
4694,1565,602,1
4695,1565,927,4
4696,1566,812,3
4697,1566,444,1
4698,1566,332,4
4699,1567,503,4
4700,1567,913,2
4701,1567,79,4
4702,1568,585,2
4703,1568,935,1
4704,1568,938,2
4705,1569,688,4
4706,1569,396,3
4707,1569,608,3
4708,1570,857,1
4709,1570,103,1
4710,1570,402,3
4711,1571,975,2
4712,1571,224,1
4713,1571,518,4
4714,1572,634,1
4715,1572,236,2
4716,1572,427,1
4717,1573,116,4
4718,1573,163,4
4719,1573,226,4
4720,1574,230,2
4721,1574,182,2
4722,1574,249,4
4723,1575,318,4
4724,1575,965,2
4725,1575,210,2
4726,1576,656,2
4727,1576,392,3
4728,1576,857,2
4729,1577,96,4
4730,1577,894,3
4731,1577,858,2
4732,1578,756,4
4733,1578,86,1
4734,1578,415,3
4735,1579,394,4
4736,1579,696,1
4737,1579,633,4
4738,1580,844,2
4739,1580,501,2
4740,1580,604,1
4741,1581,582,2
4742,1581,916,4
4743,1581,133,1
4744,1582,791,4
4745,1582,649,4
4746,1582,314,4
4747,1583,699,2
4748,1583,221,2
4749,1583,976,4
4750,1584,438,3
4751,1584,46,4
4752,1584,790,4
4753,1585,192,1
4754,1585,520,4
4755,1585,379,2
4756,1586,788,1
4757,1586,691,3
4758,1586,334,1
4759,1587,39,3
4760,1587,293,1
4761,1587,690,1
4762,1588,162,3
4763,1588,331,2
4764,1588,886,2
4765,1589,104,2
4766,1589,161,1
4767,1589,799,4
4768,1590,635,1
4769,1590,54,4
4770,1590,940,4
4771,1591,34,2
4772,1591,242,4
4773,1591,967,1
4774,1592,890,1
4775,1592,113,2
4776,1592,318,3
4777,1593,23,1
4778,1593,558,4
4779,1593,824,1
4780,1594,647,1
4781,1594,118,1
4782,1594,985,3
4783,1595,701,4
4784,1595,643,2
4785,1595,934,1
4786,1596,212,4
4787,1596,418,4
4788,1596,113,2
4789,1597,44,1
4790,1597,128,3
4791,1597,876,4
4792,1598,158,2
4793,1598,785,3
4794,1598,827,4
4795,1599,394,1
4796,1599,867,4
4797,1599,852,3
4798,1600,512,3
4799,1600,914,1
4800,1600,45,1
4801,1601,108,2
4802,1601,219,1
4803,1601,443,2
4804,1602,830,3
4805,1602,315,3
4806,1602,177,4
4807,1603,228,4
4808,1603,703,2
4809,1603,983,1
4810,1604,672,1
4811,1604,906,4
4812,1604,267,3
4813,1605,870,2
4814,1605,838,3
4815,1605,379,3
4816,1606,489,1
4817,1606,702,2
4818,1606,687,3
4819,1607,290,4
4820,1607,996,4
4821,1607,357,1
4822,1608,657,4
4823,1608,744,4
4824,1608,872,3
4825,1609,950,4
4826,1609,204,4
4827,1609,213,3
4828,1610,552,1
4829,1610,787,1
4830,1610,323,2
4831,1611,594,4
4832,1611,181,3
4833,1611,499,2
4834,1612,320,1
4835,1612,83,1
4836,1612,303,3
4837,1613,262,2
4838,1613,784,2
4839,1613,200,3
4840,1614,240,3
4841,1614,914,2
4842,1614,692,1
4843,1615,944,4
4844,1615,683,1
4845,1615,295,3
4846,1616,512,2
4847,1616,689,2
4848,1616,881,4
4849,1617,396,2
4850,1617,749,4
4851,1617,138,1
4852,1618,839,1
4853,1618,878,2
4854,1618,823,2
4855,1619,129,3
4856,1619,49,3
4857,1619,676,2
4858,1620,789,2
4859,1620,293,1
4860,1620,628,2
4861,1621,536,3
4862,1621,311,1
4863,1621,537,4
4864,1622,903,3
4865,1622,639,3
4866,1622,234,1
4867,1623,209,4
4868,1623,605,3
4869,1623,94,2
4870,1624,327,3
4871,1624,225,1
4872,1624,967,1
4873,1625,890,1
4874,1625,792,3
4875,1625,11,4
4876,1626,329,2
4877,1626,12,1
4878,1626,35,4
4879,1627,447,2
4880,1627,452,1
4881,1627,740,2
4882,1628,220,2
4883,1628,441,4
4884,1628,653,2
4885,1629,535,1
4886,1629,595,4
4887,1629,229,3
4888,1630,935,3
4889,1630,344,4
4890,1630,80,3
4891,1631,353,2
4892,1631,396,1
4893,1631,290,2
4894,1632,455,4
4895,1632,843,1
4896,1632,671,4
4897,1633,989,4
4898,1633,128,4
4899,1633,702,2
4900,1634,909,1
4901,1634,543,1
4902,1634,898,1
4903,1635,359,2
4904,1635,527,3
4905,1635,313,2
4906,1636,75,2
4907,1636,546,4
4908,1636,871,1
4909,1637,196,1
4910,1637,843,3
4911,1637,29,3
4912,1638,706,4
4913,1638,16,1
4914,1638,423,3
4915,1639,589,3
4916,1639,805,1
4917,1639,593,2
4918,1640,405,3
4919,1640,940,1
4920,1640,636,3
4921,1641,531,4
4922,1641,967,3
4923,1641,614,1
4924,1642,904,3
4925,1642,77,4
4926,1642,229,4
4927,1643,962,3
4928,1643,297,3
4929,1643,510,4
4930,1644,715,4
4931,1644,984,2
4932,1644,966,2
4933,1645,573,4
4934,1645,538,3
4935,1645,583,1
4936,1646,615,3
4937,1646,979,3
4938,1646,326,2
4939,1647,363,2
4940,1647,669,2
4941,1647,875,4
4942,1648,359,4
4943,1648,706,3
4944,1648,787,3
4945,1649,324,1
4946,1649,698,3
4947,1649,326,3
4948,1650,625,2
4949,1650,825,2
4950,1650,165,2
4951,1651,573,2
4952,1651,604,2
4953,1651,798,1
4954,1652,455,1
4955,1652,969,1
4956,1652,153,2
4957,1653,737,4
4958,1653,127,2
4959,1653,193,2
4960,1654,627,1
4961,1654,774,2
4962,1654,530,1
4963,1655,10,2
4964,1655,92,3
4965,1655,139,4
4966,1656,481,4
4967,1656,449,1
4968,1656,333,3
4969,1657,869,4
4970,1657,340,1
4971,1657,961,2
4972,1658,52,2
4973,1658,707,3
4974,1658,466,4
4975,1659,718,2
4976,1659,799,1
4977,1659,475,2
4978,1660,401,2
4979,1660,439,4
4980,1660,878,4
4981,1661,605,1
4982,1661,932,3
4983,1661,997,3
4984,1662,922,2
4985,1662,821,1
4986,1662,657,3
4987,1663,598,3
4988,1663,509,2
4989,1663,153,1
4990,1664,514,3
4991,1664,503,4
4992,1664,854,4
4993,1665,901,2
4994,1665,772,2
4995,1665,676,2
4996,1666,6,2
4997,1666,500,3
4998,1666,661,1
4999,1667,717,2
5000,1667,118,2
5001,1667,485,3
5002,1668,601,2
5003,1668,666,2
5004,1668,951,1
5005,1669,679,4
5006,1669,468,2
5007,1669,161,3
5008,1670,270,1
5009,1670,56,3
5010,1670,228,1
5011,1671,849,1
5012,1671,149,2
5013,1671,46,2
5014,1672,144,2
5015,1672,750,4
5016,1672,784,4
5017,1673,632,3
5018,1673,340,2
5019,1673,413,4
5020,1674,732,2
5021,1674,520,4
5022,1674,344,4
5023,1675,387,1
5024,1675,473,2
5025,1675,275,2
5026,1676,353,4
5027,1676,66,2
5028,1676,79,4
5029,1677,598,2
5030,1677,636,1
5031,1677,202,2
5032,1678,978,1
5033,1678,662,3
5034,1678,558,2
5035,1679,113,2
5036,1679,91,2
5037,1679,141,1
5038,1680,289,2
5039,1680,901,2
5040,1680,730,4
5041,1681,589,3
5042,1681,411,1
5043,1681,377,4
5044,1682,384,1
5045,1682,846,4
5046,1682,152,3
5047,1683,835,4
5048,1683,751,1
5049,1683,627,2
5050,1684,319,2
5051,1684,369,3
5052,1684,606,1
5053,1685,995,1
5054,1685,560,1
5055,1685,703,3
5056,1686,462,2
5057,1686,12,4
5058,1686,156,3
5059,1687,684,4
5060,1687,477,2
5061,1687,939,3
5062,1688,401,2
5063,1688,808,4
5064,1688,177,1
5065,1689,341,1
5066,1689,57,4
5067,1689,855,1
5068,1690,852,4
5069,1690,448,3
5070,1690,203,3
5071,1691,697,3
5072,1691,633,1
5073,1691,738,2
5074,1692,202,1
5075,1692,330,1
5076,1692,363,2
5077,1693,892,2
5078,1693,454,2
5079,1693,356,2
5080,1694,216,1
5081,1694,972,4
5082,1694,555,3
5083,1695,887,4
5084,1695,23,1
5085,1695,155,2
5086,1696,186,3
5087,1696,249,3
5088,1696,749,4
5089,1697,805,1
5090,1697,134,1
5091,1697,321,1
5092,1698,390,3
5093,1698,434,4
5094,1698,22,3
5095,1699,873,3
5096,1699,600,2
5097,1699,665,4
5098,1700,125,2
5099,1700,79,1
5100,1700,858,3
5101,1701,968,4
5102,1701,51,1
5103,1701,728,4
5104,1702,176,3
5105,1702,870,4
5106,1702,253,1
5107,1703,966,2
5108,1703,246,3
5109,1703,739,2
5110,1704,106,3
5111,1704,193,1
5112,1704,316,3
5113,1705,302,2
5114,1705,548,3
5115,1705,954,1
5116,1706,716,3
5117,1706,934,2
5118,1706,779,1
5119,1707,268,2
5120,1707,170,3
5121,1707,551,4
5122,1708,455,2
5123,1708,651,3
5124,1708,292,4
5125,1709,564,4
5126,1709,799,1
5127,1709,801,4
5128,1710,141,2
5129,1710,146,2
5130,1710,425,4
5131,1711,314,3
5132,1711,184,2
5133,1711,664,2
5134,1712,713,1
5135,1712,128,3
5136,1712,287,4
5137,1713,823,3
5138,1713,253,1
5139,1713,778,1
5140,1714,700,3
5141,1714,386,1
5142,1714,230,1
5143,1715,271,1
5144,1715,771,3
5145,1715,811,1
5146,1716,415,4
5147,1716,198,4
5148,1716,323,2
5149,1717,56,4
5150,1717,831,2
5151,1717,203,3
5152,1718,783,1
5153,1718,621,4
5154,1718,628,2
5155,1719,604,3
5156,1719,138,2
5157,1719,422,1
5158,1720,815,4
5159,1720,57,3
5160,1720,562,2
5161,1721,71,3
5162,1721,911,2
5163,1721,914,2
5164,1722,594,1
5165,1722,372,1
5166,1722,617,2
5167,1723,600,4
5168,1723,514,3
5169,1723,872,3
5170,1724,84,1
5171,1724,994,4
5172,1724,43,2
5173,1725,666,1
5174,1725,839,2
5175,1725,934,2
5176,1726,606,1
5177,1726,810,4
5178,1726,133,3
5179,1727,395,1
5180,1727,65,4
5181,1727,290,2
5182,1728,376,1
5183,1728,769,3
5184,1728,467,3
5185,1729,898,2
5186,1729,213,1
5187,1729,148,3
5188,1730,573,1
5189,1730,471,3
5190,1730,149,2
5191,1731,88,2
5192,1731,324,1
5193,1731,895,4
5194,1732,396,4
5195,1732,790,2
5196,1732,404,3
5197,1733,82,4
5198,1733,641,2
5199,1733,286,3
5200,1734,382,3
5201,1734,865,4
5202,1734,792,2
5203,1735,270,3
5204,1735,292,3
5205,1735,453,1
5206,1736,715,1
5207,1736,24,4
5208,1736,956,1
5209,1737,863,2
5210,1737,311,4
5211,1737,461,4
5212,1738,208,1
5213,1738,792,3
5214,1738,717,2
5215,1739,664,2
5216,1739,438,2
5217,1739,538,4
5218,1740,706,2
5219,1740,336,3
5220,1740,422,3
5221,1741,750,1
5222,1741,321,2
5223,1741,497,4
5224,1742,587,1
5225,1742,947,3
5226,1742,163,2
5227,1743,811,3
5228,1743,541,1
5229,1743,165,3
5230,1744,849,2
5231,1744,698,2
5232,1744,566,1
5233,1745,295,2
5234,1745,42,3
5235,1745,924,3
5236,1746,285,4
5237,1746,939,4
5238,1746,387,4
5239,1747,138,3
5240,1747,187,3
5241,1747,910,1
5242,1748,716,4
5243,1748,431,3
5244,1748,554,1
5245,1749,862,3
5246,1749,416,1
5247,1749,800,4
5248,1750,426,4
5249,1750,416,4
5250,1750,26,3
5251,1751,371,3
5252,1751,385,1
5253,1751,56,2
5254,1752,253,2
5255,1752,634,4
5256,1752,106,2
5257,1753,130,4
5258,1753,849,1
5259,1753,670,2
5260,1754,376,2
5261,1754,743,4
5262,1754,967,1
5263,1755,308,2
5264,1755,91,2
5265,1755,393,2
5266,1756,534,1
5267,1756,802,1
5268,1756,110,2
5269,1757,561,4
5270,1757,641,4
5271,1757,585,2
5272,1758,340,1
5273,1758,565,2
5274,1758,979,1
5275,1759,356,2
5276,1759,892,1
5277,1759,168,3
5278,1760,557,4
5279,1760,452,3
5280,1760,905,4
5281,1761,105,1
5282,1761,150,3
5283,1761,146,4
5284,1762,716,2
5285,1762,874,1
5286,1762,299,1
5287,1763,167,2
5288,1763,713,2
5289,1763,646,4
5290,1764,723,1
5291,1764,48,4
5292,1764,638,2
5293,1765,239,1
5294,1765,7,2
5295,1765,464,4
5296,1766,453,4
5297,1766,784,4
5298,1766,897,1
5299,1767,371,2
5300,1767,549,2
5301,1767,487,4
5302,1768,211,4
5303,1768,165,4
5304,1768,125,4
5305,1769,337,3
5306,1769,192,3
5307,1769,730,3
5308,1770,214,4
5309,1770,574,4
5310,1770,328,2
5311,1771,957,1
5312,1771,381,2
5313,1771,673,3
5314,1772,578,2
5315,1772,798,4
5316,1772,239,3
5317,1773,532,3
5318,1773,700,1
5319,1773,82,1
5320,1774,363,3
5321,1774,505,3
5322,1774,202,2
5323,1775,920,3
5324,1775,504,4
5325,1775,644,2
5326,1776,37,4
5327,1776,644,4
5328,1776,589,4
5329,1777,601,3
5330,1777,973,1
5331,1777,402,1
5332,1778,765,4
5333,1778,856,3
5334,1778,706,2
5335,1779,176,4
5336,1779,545,2
5337,1779,570,2
5338,1780,467,3
5339,1780,201,3
5340,1780,540,1
5341,1781,547,1
5342,1781,999,3
5343,1781,637,4
5344,1782,394,1
5345,1782,833,2
5346,1782,42,4
5347,1783,597,2
5348,1783,393,3
5349,1783,700,2
5350,1784,623,4
5351,1784,783,3
5352,1784,995,4
5353,1785,441,2
5354,1785,837,4
5355,1785,617,3
5356,1786,506,2
5357,1786,918,2
5358,1786,320,1
5359,1787,553,1
5360,1787,215,4
5361,1787,71,1
5362,1788,568,1
5363,1788,919,1
5364,1788,236,1
5365,1789,281,3
5366,1789,987,3
5367,1789,617,1
5368,1790,902,4
5369,1790,887,3
5370,1790,162,1
5371,1791,191,3
5372,1791,9,2
5373,1791,60,3
5374,1792,893,3
5375,1792,817,4
5376,1792,225,3
5377,1793,819,4
5378,1793,700,2
5379,1793,582,1
5380,1794,805,4
5381,1794,287,3
5382,1794,994,3
5383,1795,169,4
5384,1795,62,2
5385,1795,349,1
5386,1796,442,3
5387,1796,14,2
5388,1796,164,1
5389,1797,420,1
5390,1797,757,3
5391,1797,847,4
5392,1798,520,3
5393,1798,666,3
5394,1798,548,3
5395,1799,560,2
5396,1799,597,4
5397,1799,28,2
5398,1800,708,3
5399,1800,446,4
5400,1800,208,1
5401,1801,470,4
5402,1801,716,3
5403,1801,976,4
5404,1802,819,1
5405,1802,104,1
5406,1802,742,4
5407,1803,426,1
5408,1803,101,2
5409,1803,541,4
5410,1804,639,1
5411,1804,850,1
5412,1804,522,4
5413,1805,106,2
5414,1805,679,4
5415,1805,978,1
5416,1806,769,4
5417,1806,807,1
5418,1806,277,3
5419,1807,65,4
5420,1807,783,4
5421,1807,900,1
5422,1808,188,1
5423,1808,317,1
5424,1808,916,1
5425,1809,138,4
5426,1809,343,1
5427,1809,105,4
5428,1810,546,2
5429,1810,380,4
5430,1810,110,1
5431,1811,944,1
5432,1811,545,2
5433,1811,354,4
5434,1812,743,2
5435,1812,317,4
5436,1812,266,1
5437,1813,694,4
5438,1813,852,1
5439,1813,65,1
5440,1814,333,3
5441,1814,513,3
5442,1814,133,4
5443,1815,592,1
5444,1815,783,2
5445,1815,753,1
5446,1816,540,2
5447,1816,735,4
5448,1816,535,4
5449,1817,496,2
5450,1817,621,2
5451,1817,619,1
5452,1818,657,4
5453,1818,369,1
5454,1818,866,2
5455,1819,909,3
5456,1819,910,3
5457,1819,651,3
5458,1820,796,2
5459,1820,810,1
5460,1820,992,4
5461,1821,99,2
5462,1821,317,3
5463,1821,123,1
5464,1822,320,4
5465,1822,799,4
5466,1822,593,2
5467,1823,495,2
5468,1823,457,4
5469,1823,522,4
5470,1824,520,3
5471,1824,917,4
5472,1824,717,2
5473,1825,315,1
5474,1825,946,3
5475,1825,709,3
5476,1826,710,4
5477,1826,542,1
5478,1826,479,3
5479,1827,913,2
5480,1827,971,4
5481,1827,20,2
5482,1828,560,4
5483,1828,969,3
5484,1828,130,4
5485,1829,293,1
5486,1829,897,2
5487,1829,132,1
5488,1830,356,2
5489,1830,54,2
5490,1830,890,4
5491,1831,793,3
5492,1831,387,3
5493,1831,265,1
5494,1832,982,4
5495,1832,215,3
5496,1832,460,2
5497,1833,458,2
5498,1833,802,4
5499,1833,43,1
5500,1834,586,4
5501,1834,862,1
5502,1834,278,4
5503,1835,838,2
5504,1835,754,4
5505,1835,130,3
5506,1836,350,3
5507,1836,706,4
5508,1836,544,1
5509,1837,106,1
5510,1837,912,2
5511,1837,716,2
5512,1838,1,1
5513,1838,757,4
5514,1838,584,2
5515,1839,432,1
5516,1839,306,1
5517,1839,909,4
5518,1840,527,3
5519,1840,53,1
5520,1840,940,2
5521,1841,520,4
5522,1841,330,4
5523,1841,558,4
5524,1842,325,3
5525,1842,114,3
5526,1842,147,2
5527,1843,166,2
5528,1843,379,4
5529,1843,139,2
5530,1844,629,1
5531,1844,299,3
5532,1844,276,4
5533,1845,916,4
5534,1845,789,1
5535,1845,850,1
5536,1846,825,1
5537,1846,178,1
5538,1846,842,4
5539,1847,354,3
5540,1847,154,3
5541,1847,926,1
5542,1848,201,2
5543,1848,878,4
5544,1848,115,3
5545,1849,671,1
5546,1849,554,2
5547,1849,759,2
5548,1850,68,1
5549,1850,445,4
5550,1850,445,3
5551,1851,326,2
5552,1851,846,3
5553,1851,708,3
5554,1852,602,2
5555,1852,623,1
5556,1852,880,2
5557,1853,359,2
5558,1853,145,4
5559,1853,275,3
5560,1854,509,1
5561,1854,179,3
5562,1854,753,2
5563,1855,838,1
5564,1855,831,1
5565,1855,477,1
5566,1856,843,1
5567,1856,976,4
5568,1856,414,1
5569,1857,153,2
5570,1857,104,4
5571,1857,75,2
5572,1858,128,2
5573,1858,711,3
5574,1858,666,1
5575,1859,568,1
5576,1859,790,2
5577,1859,345,1
5578,1860,531,4
5579,1860,159,3
5580,1860,538,1
5581,1861,426,1
5582,1861,681,4
5583,1861,996,3
5584,1862,23,4
5585,1862,47,2
5586,1862,525,2
5587,1863,729,1
5588,1863,834,3
5589,1863,706,2
5590,1864,144,4
5591,1864,585,2
5592,1864,668,2
5593,1865,589,4
5594,1865,419,1
5595,1865,681,3
5596,1866,973,1
5597,1866,799,4
5598,1866,85,2
5599,1867,416,3
5600,1867,694,1
5601,1867,482,4
5602,1868,456,2
5603,1868,827,2
5604,1868,297,1
5605,1869,112,4
5606,1869,962,2
5607,1869,230,2
5608,1870,96,3
5609,1870,950,2
5610,1870,680,1
5611,1871,378,4
5612,1871,156,4
5613,1871,421,3
5614,1872,105,4
5615,1872,705,1
5616,1872,330,2
5617,1873,439,3
5618,1873,132,4
5619,1873,867,3
5620,1874,382,3
5621,1874,138,4
5622,1874,943,3
5623,1875,843,4
5624,1875,270,1
5625,1875,550,4
5626,1876,396,2
5627,1876,557,4
5628,1876,913,2
5629,1877,464,3
5630,1877,675,4
5631,1877,450,2
5632,1878,331,4
5633,1878,253,4
5634,1878,681,4
5635,1879,963,1
5636,1879,285,2
5637,1879,274,1
5638,1880,20,1
5639,1880,239,2
5640,1880,270,4
5641,1881,418,1
5642,1881,945,1
5643,1881,310,1
5644,1882,31,4
5645,1882,826,1
5646,1882,104,3
5647,1883,682,2
5648,1883,186,3
5649,1883,128,4
5650,1884,210,1
5651,1884,414,2
5652,1884,281,1
5653,1885,959,4
5654,1885,253,2
5655,1885,19,3
5656,1886,712,2
5657,1886,732,1
5658,1886,136,2
5659,1887,223,4
5660,1887,3,4
5661,1887,963,2
5662,1888,236,4
5663,1888,854,4
5664,1888,465,4
5665,1889,228,3
5666,1889,913,1
5667,1889,654,4
5668,1890,499,2
5669,1890,521,4
5670,1890,702,3
5671,1891,862,2
5672,1891,917,1
5673,1891,972,2
5674,1892,677,2
5675,1892,992,2
5676,1892,139,2
5677,1893,276,4
5678,1893,291,1
5679,1893,53,4
5680,1894,687,3
5681,1894,110,3
5682,1894,715,2
5683,1895,948,4
5684,1895,648,4
5685,1895,4,1
5686,1896,667,1
5687,1896,684,1
5688,1896,936,4
5689,1897,870,1
5690,1897,47,1
5691,1897,94,1
5692,1898,940,2
5693,1898,560,3
5694,1898,752,3
5695,1899,859,4
5696,1899,213,4
5697,1899,436,2
5698,1900,852,3
5699,1900,508,1
5700,1900,836,1
5701,1901,651,4
5702,1901,205,3
5703,1901,381,4
5704,1902,73,4
5705,1902,516,1
5706,1902,76,1
5707,1903,841,3
5708,1903,77,4
5709,1903,816,2
5710,1904,768,3
5711,1904,410,4
5712,1904,614,3
5713,1905,106,3
5714,1905,845,3
5715,1905,551,2
5716,1906,476,2
5717,1906,826,1
5718,1906,275,1
5719,1907,88,4
5720,1907,723,3
5721,1907,881,4
5722,1908,77,1
5723,1908,77,2
5724,1908,442,1
5725,1909,540,4
5726,1909,245,1
5727,1909,578,4
5728,1910,778,4
5729,1910,382,4
5730,1910,982,4
5731,1911,717,1
5732,1911,570,4
5733,1911,713,4
5734,1912,737,3
5735,1912,142,4
5736,1912,893,1
5737,1913,368,4
5738,1913,84,2
5739,1913,143,2
5740,1914,352,4
5741,1914,545,2
5742,1914,913,2
5743,1915,152,1
5744,1915,158,3
5745,1915,446,2
5746,1916,653,2
5747,1916,958,3
5748,1916,763,3
5749,1917,303,2
5750,1917,624,4
5751,1917,656,2
5752,1918,450,4
5753,1918,721,4
5754,1918,224,4
5755,1919,43,3
5756,1919,264,2
5757,1919,756,2
5758,1920,3,1
5759,1920,637,3
5760,1920,268,1
5761,1921,596,1
5762,1921,16,4
5763,1921,334,3
5764,1922,464,1
5765,1922,59,2
5766,1922,177,1
5767,1923,63,3
5768,1923,958,2
5769,1923,561,2
5770,1924,307,2
5771,1924,246,4
5772,1924,289,2
5773,1925,798,4
5774,1925,955,4
5775,1925,332,1
5776,1926,527,1
5777,1926,850,2
5778,1926,255,3
5779,1927,604,2
5780,1927,510,1
5781,1927,791,2
5782,1928,718,1
5783,1928,606,2
5784,1928,737,3
5785,1929,813,2
5786,1929,830,3
5787,1929,463,3
5788,1930,199,2
5789,1930,271,3
5790,1930,746,3
5791,1931,558,1
5792,1931,64,1
5793,1931,230,3
5794,1932,942,4
5795,1932,952,2
5796,1932,249,3
5797,1933,246,2
5798,1933,940,1
5799,1933,587,2
5800,1934,157,3
5801,1934,735,3
5802,1934,702,3
5803,1935,985,3
5804,1935,564,4
5805,1935,950,4
5806,1936,88,4
5807,1936,313,3
5808,1936,851,4
5809,1937,66,2
5810,1937,662,3
5811,1937,20,1
5812,1938,33,3
5813,1938,840,2
5814,1938,793,4
5815,1939,558,3
5816,1939,73,4
5817,1939,866,3
5818,1940,825,2
5819,1940,343,3
5820,1940,133,4
5821,1941,55,4
5822,1941,61,2
5823,1941,857,3
5824,1942,520,1
5825,1942,272,3
5826,1942,246,2
5827,1943,176,1
5828,1943,628,2
5829,1943,317,3
5830,1944,783,1
5831,1944,705,2
5832,1944,662,4
5833,1945,131,1
5834,1945,102,1
5835,1945,310,2
5836,1946,782,4
5837,1946,292,1
5838,1946,722,2
5839,1947,495,1
5840,1947,361,1
5841,1947,338,1
5842,1948,579,4
5843,1948,10,3
5844,1948,49,3
5845,1949,487,4
5846,1949,623,4
5847,1949,321,2
5848,1950,731,1
5849,1950,569,4
5850,1950,795,2
5851,1951,971,3
5852,1951,625,3
5853,1951,133,3
5854,1952,583,3
5855,1952,83,2
5856,1952,57,1
5857,1953,376,2
5858,1953,349,1
5859,1953,271,3
5860,1954,483,4
5861,1954,111,4
5862,1954,869,4
5863,1955,887,1
5864,1955,76,3
5865,1955,158,2
5866,1956,532,4
5867,1956,933,1
5868,1956,643,4
5869,1957,329,2
5870,1957,122,3
5871,1957,41,2
5872,1958,167,3
5873,1958,922,3
5874,1958,642,3
5875,1959,23,4
5876,1959,279,2
5877,1959,763,4
5878,1960,469,2
5879,1960,400,1
5880,1960,9,1
5881,1961,13,2
5882,1961,924,2
5883,1961,923,2
5884,1962,819,2
5885,1962,832,3
5886,1962,52,4
5887,1963,209,3
5888,1963,550,4
5889,1963,612,4
5890,1964,705,4
5891,1964,402,3
5892,1964,191,2
5893,1965,51,3
5894,1965,393,3
5895,1965,653,4
5896,1966,680,1
5897,1966,823,1
5898,1966,621,3
5899,1967,719,4
5900,1967,939,3
5901,1967,300,3
5902,1968,622,2
5903,1968,196,4
5904,1968,417,1
5905,1969,664,1
5906,1969,420,1
5907,1969,755,3
5908,1970,640,4
5909,1970,617,2
5910,1970,522,1
5911,1971,356,4
5912,1971,148,1
5913,1971,365,2
5914,1972,364,4
5915,1972,971,3
5916,1972,652,3
5917,1973,702,1
5918,1973,402,1
5919,1973,606,4
5920,1974,492,2
5921,1974,229,1
5922,1974,575,4
5923,1975,852,2
5924,1975,537,1
5925,1975,268,1
5926,1976,405,4
5927,1976,793,1
5928,1976,11,3
5929,1977,320,2
5930,1977,713,2
5931,1977,126,3
5932,1978,306,4
5933,1978,702,3
5934,1978,511,3
5935,1979,89,2
5936,1979,355,4
5937,1979,628,1
5938,1980,352,3
5939,1980,689,3
5940,1980,14,4
5941,1981,257,3
5942,1981,209,4
5943,1981,281,1
5944,1982,443,4
5945,1982,840,1
5946,1982,837,4
5947,1983,389,3
5948,1983,617,1
5949,1983,483,3
5950,1984,147,1
5951,1984,279,4
5952,1984,521,4
5953,1985,630,4
5954,1985,606,2
5955,1985,434,2
5956,1986,144,1
5957,1986,289,2
5958,1986,386,4
5959,1987,14,2
5960,1987,257,2
5961,1987,346,3
5962,1988,698,1
5963,1988,345,1
5964,1988,400,1
5965,1989,207,2
5966,1989,858,4
5967,1989,943,3
5968,1990,172,1
5969,1990,464,2
5970,1990,270,4
5971,1991,221,3
5972,1991,152,3
5973,1991,623,1
5974,1992,183,1
5975,1992,399,4
5976,1992,851,2
5977,1993,72,4
5978,1993,418,1
5979,1993,898,4
5980,1994,283,2
5981,1994,74,3
5982,1994,355,3
5983,1995,727,3
5984,1995,497,3
5985,1995,328,1
5986,1996,988,1
5987,1996,535,2
5988,1996,580,2
5989,1997,910,2
5990,1997,447,2
5991,1997,373,4
5992,1998,362,2
5993,1998,93,3
5994,1998,321,3
5995,1999,324,3
5996,1999,384,4
5997,1999,575,2
5998,2000,736,3
5999,2000,737,3
6000,2000,881,3
